# https://github.com/mikedh/trimesh

o JSCAD
v 78.07216614 31.50335017 19.47152877
v 77.43850267 70.00035221 20.83071356
v 77.43850267 55.70010900 20.83071356
v 77.43850267 55.69777363 20.83071356
v 77.43850267 55.69154598 20.83071356
v 77.43850267 55.68142605 20.83071356
v 77.43850267 55.66741383 20.83071356
v 77.43850267 55.64873088 20.83071356
v 77.43850267 55.62693410 20.83071356
v 77.43850267 55.60046659 20.83071356
v 77.43850267 55.57088525 20.83071356
v 77.43850267 55.53663317 20.83071356
v 77.43850267 55.49926726 20.83071356
v 77.43850267 55.45800908 20.83071356
v 77.43850267 55.41363706 20.83071356
v 77.43850267 55.36537277 20.83071356
v 77.43850267 55.31399465 20.83071356
v 77.43850267 55.25950271 20.83071356
v 77.43850267 55.20189693 20.83071356
v 77.43850267 55.14195580 20.83071356
v 77.43850267 55.07812237 20.83071356
v 77.43850267 55.01273204 20.83071356
v 77.43850267 54.94422788 20.83071356
v 77.43850267 54.87416681 20.83071356
v 77.43850267 54.80099191 20.83071356
v 77.43850267 54.72703856 20.83071356
v 77.43850267 54.65074984 20.83071356
v 77.43850267 54.57290420 20.83071356
v 77.43850267 54.49350165 20.83071356
v 77.43850267 54.41332065 20.83071356
v 77.43850267 54.33158273 20.83071356
v 77.43850267 54.24906636 20.83071356
v 77.43850267 54.16654998 20.83071356
v 77.43850267 54.08325515 20.83071356
v 77.43850267 53.99996033 20.83071356
v 77.43850267 53.91666550 20.83071356
v 77.43850267 53.83337067 20.83071356
v 77.43850267 53.75085429 20.83071356
v 77.43850267 53.66833792 20.83071356
v 77.43850267 53.58660000 20.83071356
v 77.43850267 53.50641900 20.83071356
v 77.43850267 53.42701645 20.83071356
v 77.43850267 53.34917081 20.83071356
v 77.43850267 53.27288209 20.83071356
v 77.43850267 53.19892874 20.83071356
v 77.43850267 53.12575384 20.83071356
v 77.43850267 53.05569277 20.83071356
v 77.43850267 52.98718861 20.83071356
v 77.43850267 52.92179828 20.83071356
v 77.43850267 52.85796485 20.83071356
v 77.43850267 52.79802372 20.83071356
v 77.43850267 52.74041795 20.83071356
v 77.43850267 52.68592600 20.83071356
v 77.43850267 52.63454788 20.83071356
v 77.43850267 52.58628359 20.83071356
v 77.43850267 52.54191158 20.83071356
v 77.43850267 52.50065339 20.83071356
v 77.43850267 52.46328748 20.83071356
v 77.43850267 52.42903540 20.83071356
v 77.43850267 52.39945406 20.83071356
v 77.43850267 52.37298655 20.83071356
v 77.43850267 52.35118977 20.83071356
v 77.43850267 52.33250682 20.83071356
v 77.43850267 52.31849460 20.83071356
v 77.43850267 52.30837467 20.83071356
v 77.43850267 52.30214702 20.83071356
v 77.43850267 52.29981165 20.83071356
v 77.43850267 25.00012579 20.83071356
v 77.43850267 10.69988258 20.83071356
v 77.43850267 10.69832567 20.83071356
v 77.43850267 10.69209801 20.83071356
v 77.43850267 10.68197808 20.83071356
v 77.43850267 10.66718741 20.83071356
v 77.43850267 10.64928292 20.83071356
v 77.43850267 10.62670768 20.83071356
v 77.43850267 10.60024016 20.83071356
v 77.43850267 10.57065882 20.83071356
v 77.43850267 10.53640674 20.83071356
v 77.43850267 10.49904084 20.83071356
v 77.43850267 10.45778265 20.83071356
v 77.43850267 10.41341064 20.83071356
v 77.43850267 10.36514635 20.83071356
v 77.43850267 10.31376823 20.83071356
v 77.43850267 10.25927628 20.83071356
v 77.43850267 10.20244897 20.83071356
v 77.43850267 10.14172937 20.83071356
v 77.43850267 10.07867441 20.83071356
v 77.43850267 10.01250562 20.83071356
v 77.43850267 9.94477992 20.83071356
v 77.43850267 9.87394039 20.83071356
v 77.43850267 9.80154395 20.83071356
v 77.43850267 9.72681214 20.83071356
v 77.43850267 9.65052341 20.83071356
v 77.43850267 9.57267778 20.83071356
v 77.43850267 9.49327523 20.83071356
v 77.43850267 9.41309423 20.83071356
v 77.43850267 9.33135631 20.83071356
v 77.43850267 9.24961839 20.83071356
v 77.43850267 9.16632356 20.83071356
v 77.43850267 9.08302873 20.83071356
v 77.43850267 8.99973390 20.83071356
v 77.43850267 8.91643907 20.83071356
v 77.43850267 8.83314424 20.83071356
v 77.43850267 8.75062787 20.83071356
v 77.43850267 8.66811150 20.83071356
v 77.43850267 8.58715203 20.83071356
v 77.43850267 8.50619257 20.83071356
v 77.43850267 8.42756848 20.83071356
v 77.43850267 8.34972285 20.83071356
v 77.43850267 8.27343412 20.83071356
v 77.43850267 8.19870231 20.83071356
v 77.43850267 8.12630587 20.83071356
v 77.43850267 8.05546635 20.83071356
v 77.43850267 7.98696219 20.83071356
v 77.43850267 7.92157185 20.83071356
v 77.43850267 7.85851689 20.83071356
v 77.43850267 7.79779729 20.83071356
v 77.43850267 7.74019152 20.83071356
v 77.43850267 7.68569958 20.83071356
v 77.43850267 7.63432146 20.83071356
v 77.43850267 7.58683562 20.83071356
v 77.43850267 7.54168515 20.83071356
v 77.43850267 7.50042697 20.83071356
v 77.43850267 7.46306106 20.83071356
v 77.43850267 7.42958744 20.83071356
v 77.43850267 7.39922764 20.83071356
v 77.43850267 7.37353858 20.83071356
v 77.43850267 7.35096335 20.83071356
v 77.43850267 7.33228039 20.83071356
v 77.43850267 7.31826818 20.83071356
v 77.43850267 7.30814825 20.83071356
v 77.43850267 7.30192060 20.83071356
v 77.43850267 7.30036368 20.83071356
v 77.43850267 0.00000000 20.83071356
v 78.70660807 0.00000000 18.11156552
v 78.70660807 7.30036368 18.11156552
v 78.70660807 7.30192060 18.11156552
v 78.70660807 7.30814825 18.11156552
v 78.70660807 7.31826818 18.11156552
v 78.70660807 7.33228039 18.11156552
v 78.70660807 7.35096335 18.11156552
v 78.70660807 7.37353858 18.11156552
v 78.70660807 7.39922764 18.11156552
v 78.70660807 7.42958744 18.11156552
v 78.70660807 7.46306106 18.11156552
v 78.70660807 7.50042697 18.11156552
v 78.70660807 7.54168515 18.11156552
v 78.70660807 7.58683562 18.11156552
v 78.70660807 7.63432146 18.11156552
v 78.70660807 7.68569958 18.11156552
v 78.70660807 7.74019152 18.11156552
v 78.70660807 7.79779729 18.11156552
v 78.70660807 7.85851689 18.11156552
v 78.70660807 7.92157185 18.11156552
v 78.70660807 7.98696219 18.11156552
v 78.70660807 8.05546635 18.11156552
v 78.70660807 8.12630587 18.11156552
v 78.70660807 8.19870231 18.11156552
v 78.70660807 8.27343412 18.11156552
v 78.70660807 8.34972285 18.11156552
v 78.70660807 8.42756848 18.11156552
v 78.70660807 8.50619257 18.11156552
v 78.70660807 8.58715203 18.11156552
v 78.70660807 8.66811150 18.11156552
v 78.70660807 8.75062787 18.11156552
v 78.70660807 8.83314424 18.11156552
v 78.70660807 8.91643907 18.11156552
v 78.70660807 8.99973390 18.11156552
v 78.70660807 9.08302873 18.11156552
v 78.70660807 9.16632356 18.11156552
v 78.70660807 9.24961839 18.11156552
v 78.70660807 9.33135631 18.11156552
v 78.70660807 9.41309423 18.11156552
v 78.70660807 9.49327523 18.11156552
v 78.70660807 9.57267778 18.11156552
v 78.70660807 9.65052341 18.11156552
v 78.70660807 9.72681214 18.11156552
v 78.70660807 9.80154395 18.11156552
v 78.70660807 9.87394039 18.11156552
v 78.70660807 9.94477992 18.11156552
v 78.70660807 10.01250562 18.11156552
v 78.70660807 10.07867441 18.11156552
v 78.70660807 10.14172937 18.11156552
v 78.70660807 10.20244897 18.11156552
v 78.70660807 10.25927628 18.11156552
v 78.70660807 10.31376823 18.11156552
v 78.70660807 10.36514635 18.11156552
v 78.70660807 10.41341064 18.11156552
v 78.70660807 10.45778265 18.11156552
v 78.70660807 10.49904084 18.11156552
v 78.70660807 10.53640674 18.11156552
v 78.70660807 10.57065882 18.11156552
v 78.70660807 10.60024016 18.11156552
v 78.70660807 10.62670768 18.11156552
v 78.70660807 10.64928292 18.11156552
v 78.70660807 10.66718741 18.11156552
v 78.70660807 10.68197808 18.11156552
v 78.70660807 10.69209801 18.11156552
v 78.70660807 10.69832567 18.11156552
v 78.70660807 10.69988258 18.11156552
v 78.70660807 25.00012579 18.11156552
v 78.70660807 52.29981165 18.11156552
v 78.70660807 52.30214702 18.11156552
v 78.70660807 52.30837467 18.11156552
v 78.70660807 52.31849460 18.11156552
v 78.70660807 52.33250682 18.11156552
v 78.70660807 52.35118977 18.11156552
v 78.70660807 52.37298655 18.11156552
v 78.70660807 52.39945406 18.11156552
v 78.70660807 52.42903540 18.11156552
v 78.70660807 52.46328748 18.11156552
v 78.70660807 52.50065339 18.11156552
v 78.70660807 52.54191158 18.11156552
v 78.70660807 52.58628359 18.11156552
v 78.70660807 52.63454788 18.11156552
v 78.70660807 52.68592600 18.11156552
v 78.70660807 52.74041795 18.11156552
v 78.70660807 52.79802372 18.11156552
v 78.70660807 52.85796485 18.11156552
v 78.70660807 52.92179828 18.11156552
v 78.70660807 52.98718861 18.11156552
v 78.70660807 53.05569277 18.11156552
v 78.70660807 53.12575384 18.11156552
v 78.70660807 53.19892874 18.11156552
v 78.70660807 53.27288209 18.11156552
v 78.70660807 53.34917081 18.11156552
v 78.70660807 53.42701645 18.11156552
v 78.70660807 53.50641900 18.11156552
v 78.70660807 53.58660000 18.11156552
v 78.70660807 53.66833792 18.11156552
v 78.70660807 53.75085429 18.11156552
v 78.70660807 53.83337067 18.11156552
v 78.70660807 53.91666550 18.11156552
v 78.70660807 53.99996033 18.11156552
v 78.70660807 54.08325515 18.11156552
v 78.70660807 54.16654998 18.11156552
v 78.70660807 54.24906636 18.11156552
v 78.70660807 54.33158273 18.11156552
v 78.70660807 54.41332065 18.11156552
v 78.70660807 54.49350165 18.11156552
v 78.70660807 54.57290420 18.11156552
v 78.70660807 54.65074984 18.11156552
v 78.70660807 54.72703856 18.11156552
v 78.70660807 54.80099191 18.11156552
v 78.70660807 54.87416681 18.11156552
v 78.70660807 54.94422788 18.11156552
v 78.70660807 55.01273204 18.11156552
v 78.70660807 55.07812237 18.11156552
v 78.70660807 55.14195580 18.11156552
v 78.70660807 55.20189693 18.11156552
v 78.70660807 55.25950271 18.11156552
v 78.70660807 55.31399465 18.11156552
v 78.70660807 55.36537277 18.11156552
v 78.70660807 55.41363706 18.11156552
v 78.70660807 55.45800908 18.11156552
v 78.70660807 55.49926726 18.11156552
v 78.70660807 55.53663317 18.11156552
v 78.70660807 55.57088525 18.11156552
v 78.70660807 55.60046659 18.11156552
v 78.70660807 55.62693410 18.11156552
v 78.70660807 55.64873088 18.11156552
v 78.70660807 55.66741383 18.11156552
v 78.70660807 55.68142605 18.11156552
v 78.70660807 55.69154598 18.11156552
v 78.70660807 55.69777363 18.11156552
v 78.70660807 55.70010900 18.11156552
v 78.70660807 70.00035221 18.11156552
v 36.65439586 70.00035221 1.81224639
v 37.92250126 70.00035221 -0.90612320
v 42.09269194 0.00000000 4.34845719
v 49.19143543 0.00000000 4.34845719
v 39.52923517 0.00000000 2.99316468
v 31.50023634 0.00000000 3.01029072
v 31.50023634 0.00000000 1.62930915
v 43.36079734 0.00000000 1.62930915
v 35.87204722 0.00000000 0.45150468
v 31.50023634 0.00000000 1.00031641
v 31.50023634 0.00000000 -1.00031641
v 41.50028666 0.00000000 -1.00031641
v 75.71344339 8.91643907 16.71579328
v 74.44611645 8.91643907 19.43494132
v 74.44767336 8.99973390 19.43571978
v 75.71577876 8.99973390 16.71657173
v 75.70799420 8.83314424 16.71345791
v 74.44066725 8.83314424 19.43260595
v 75.69865272 8.75062787 16.70878717
v 74.43132578 8.75062787 19.42793521
v 75.68619742 8.66811150 16.70333798
v 74.41809202 8.66811150 19.42170756
v 75.66984984 8.58715203 16.69555341
v 74.40174444 8.58715203 19.41392300
v 75.64960997 8.50619257 16.68621194
v 74.38150457 8.50619257 19.40458152
v 75.62547782 8.42756848 16.67453509
v 74.35737242 8.42756848 19.39368313
v 75.59823185 8.34972285 16.66207979
v 74.33090491 8.34972285 19.38122783
v 75.56787205 8.27343412 16.64806757
v 74.29976665 8.27343412 19.36643716
v 75.53361997 8.19870231 16.63171999
v 74.26551457 8.19870231 19.35086803
v 75.49625407 8.12630587 16.61459395
v 74.22892713 8.12630587 19.33374199
v 75.45577434 8.05546635 16.59591100
v 74.18844740 8.05546635 19.31505904
v 75.41218078 7.98696219 16.57567113
v 74.14485384 7.98696219 19.29404072
v 75.36625186 7.92157185 16.55387436
v 74.09814646 7.92157185 19.27302240
v 75.31643065 7.85851689 16.53052067
v 74.04832525 7.85851689 19.24966871
v 75.26427408 7.79779729 16.50638852
v 73.99616868 7.79779729 19.22553656
v 75.20978213 7.74019152 16.48069946
v 73.94167673 7.74019152 19.19984750
v 75.15217636 7.68569958 16.45423194
v 73.88484942 7.68569958 19.17337999
v 75.09301368 7.63432146 16.42620751
v 73.82490828 7.63432146 19.14535556
v 75.03073717 7.58683562 16.39740463
v 73.76341023 7.58683562 19.11655267
v 74.96690375 7.54168515 16.36782329
v 73.69879835 7.54168515 19.08697133
v 74.90151341 7.50042697 16.33746349
v 73.63340802 7.50042697 19.05583308
v 74.83378771 7.46306106 16.30554678
v 73.56568231 7.46306106 19.02469482
v 74.76450510 7.42958744 16.27363007
v 73.49639970 7.42958744 18.99199965
v 74.69366557 7.39922764 16.24015645
v 73.42633863 7.39922764 18.95930449
v 74.62204758 7.37353858 16.20668282
v 73.35394218 7.37353858 18.92583086
v 74.54965114 7.35096335 16.17320920
v 73.28154574 7.35096335 18.89157879
v 74.47569779 7.33228039 16.13895712
v 73.20759239 7.33228039 18.85732671
v 74.40096598 7.31826818 16.10392658
v 73.13286058 7.31826818 18.82307463
v 74.32623417 7.30814825 16.06889605
v 73.05812877 7.30814825 18.78804409
v 74.25072390 7.30192060 16.03386551
v 72.98261850 7.30192060 18.75223510
v 74.17521364 7.30036368 15.99805652
v 72.90710824 7.30036368 18.71720456
v 74.09970337 7.30192060 15.96302598
v 72.83159797 7.30192060 18.68217403
v 74.02419310 7.30814825 15.92799545
v 72.75608770 7.30814825 18.64714349
v 73.94868284 7.31826818 15.89296491
v 72.68135589 7.31826818 18.61211295
v 73.87472948 7.33228039 15.85793438
v 72.60662408 7.33228039 18.57708242
v 73.80077613 7.35096335 15.82368230
v 72.53267073 7.35096335 18.54283034
v 73.72760123 7.37353858 15.79020867
v 72.45949583 7.37353858 18.50857826
v 73.65598325 7.39922764 15.75673505
v 72.38787785 7.39922764 18.47510464
v 73.58514372 7.42958744 15.72326143
v 72.31781678 7.42958744 18.44240947
v 73.51586111 7.46306106 15.69134472
v 72.24853416 7.46306106 18.41049276
v 73.44891386 7.50042697 15.65942801
v 72.18080846 7.50042697 18.37857605
v 73.38274507 7.54168515 15.62906821
v 72.11463967 7.54168515 18.34821625
v 73.31891165 7.58683562 15.59948687
v 72.05080625 7.58683562 18.31785645
v 73.25741360 7.63432146 15.57068398
v 71.98930820 7.63432146 18.28905357
v 73.19747246 7.68569958 15.54265955
v 71.92936706 7.68569958 18.26180760
v 73.13986669 7.74019152 15.51619204
v 71.87253974 7.74019152 18.23456162
v 73.08537474 7.79779729 15.49050298
v 71.81726934 7.79779729 18.20965102
v 73.03321817 7.85851689 15.46637083
v 71.76511277 7.85851689 18.18474042
v 72.98417542 7.92157185 15.44301714
v 71.71607002 7.92157185 18.16216518
v 72.93746804 7.98696219 15.42122036
v 71.66936264 7.98696219 18.14036840
v 72.89387448 8.05546635 15.40098050
v 71.62576908 8.05546635 18.12012854
v 72.85339475 8.12630587 15.38229754
v 71.58528935 8.12630587 18.10144559
v 72.81602884 8.19870231 15.36517150
v 71.54792344 8.19870231 18.08354109
v 72.78177676 8.27343412 15.34882392
v 71.51444982 8.27343412 18.06797196
v 72.75141697 8.34972285 15.33481171
v 71.48331157 8.34972285 18.05395975
v 72.72417099 8.42756848 15.32235640
v 71.45606559 8.42756848 18.04072599
v 72.70081730 8.50619257 15.31067956
v 71.43271190 8.50619257 18.02982760
v 72.68057744 8.58715203 15.30133808
v 71.41247204 8.58715203 18.02048613
v 72.66345140 8.66811150 15.29355352
v 71.39612446 8.66811150 18.01270156
v 72.65099610 8.75062787 15.28810433
v 71.38289070 8.75062787 18.00647391
v 72.64165462 8.83314424 15.28343359
v 71.37354922 8.83314424 18.00258163
v 72.63620543 8.91643907 15.28109822
v 71.36810003 8.91643907 17.99946780
v 72.63387006 8.99973390 15.28031976
v 71.36654311 8.99973390 17.99868935
v 72.63620543 9.08302873 15.28109822
v 71.36810003 9.08302873 17.99946780
v 72.64165462 9.16632356 15.28343359
v 71.37354922 9.16632356 18.00258163
v 72.65099610 9.24961839 15.28810433
v 71.38289070 9.24961839 18.00647391
v 72.66345140 9.33135631 15.29355352
v 71.39612446 9.33135631 18.01270156
v 72.68057744 9.41309423 15.30133808
v 71.41247204 9.41309423 18.02048613
v 72.70081730 9.49327523 15.31067956
v 71.43271190 9.49327523 18.02982760
v 72.72417099 9.57267778 15.32235640
v 71.45606559 9.57267778 18.04072599
v 72.75141697 9.65052341 15.33481171
v 71.48331157 9.65052341 18.05395975
v 72.78177676 9.72681214 15.34882392
v 71.51444982 9.72681214 18.06797196
v 72.81602884 9.80154395 15.36517150
v 71.54792344 9.80154395 18.08354109
v 72.85339475 9.87394039 15.38229754
v 71.58528935 9.87394039 18.10144559
v 72.89387448 9.94477992 15.40098050
v 71.62576908 9.94477992 18.12012854
v 72.93746804 10.01250562 15.42122036
v 71.66936264 10.01250562 18.14036840
v 72.98417542 10.07867441 15.44301714
v 71.71607002 10.07867441 18.16216518
v 73.03321817 10.14172937 15.46637083
v 71.76511277 10.14172937 18.18474042
v 73.08537474 10.20244897 15.49050298
v 71.81726934 10.20244897 18.20965102
v 73.13986669 10.25927628 15.51619204
v 71.87253974 10.25927628 18.23456162
v 73.19747246 10.31376823 15.54265955
v 71.92936706 10.31376823 18.26180760
v 73.25741360 10.36514635 15.57068398
v 71.98930820 10.36514635 18.28905357
v 73.31891165 10.41341064 15.59948687
v 72.05080625 10.41341064 18.31785645
v 73.38274507 10.45778265 15.62906821
v 72.11463967 10.45778265 18.34821625
v 73.44891386 10.49904084 15.65942801
v 72.18080846 10.49904084 18.37857605
v 73.51586111 10.53640674 15.69134472
v 72.24853416 10.53640674 18.41049276
v 73.58514372 10.57065882 15.72326143
v 72.31781678 10.57065882 18.44240947
v 73.65598325 10.60024016 15.75673505
v 72.38787785 10.60024016 18.47510464
v 73.72760123 10.62670768 15.79020867
v 72.45949583 10.62670768 18.50857826
v 73.80077613 10.64928292 15.82368230
v 72.53267073 10.64928292 18.54283034
v 73.87472948 10.66718741 15.85793438
v 72.60662408 10.66718741 18.57708242
v 73.94868284 10.68197808 15.89296491
v 72.68135589 10.68197808 18.61211295
v 74.02419310 10.69209801 15.92799545
v 72.75608770 10.69209801 18.64714349
v 74.09970337 10.69832567 15.96302598
v 72.83159797 10.69832567 18.68217403
v 74.17521364 10.69988258 15.99805652
v 72.90710824 10.69988258 18.71720456
v 74.25072390 10.69832567 16.03386551
v 72.98261850 10.69832567 18.75223510
v 74.32623417 10.69209801 16.06889605
v 73.05812877 10.69209801 18.78804409
v 74.40096598 10.68197808 16.10392658
v 73.13286058 10.68197808 18.82307463
v 74.47569779 10.66718741 16.13895712
v 73.20759239 10.66718741 18.85732671
v 74.54965114 10.64928292 16.17320920
v 73.28154574 10.64928292 18.89157879
v 74.62204758 10.62670768 16.20668282
v 73.35394218 10.62670768 18.92583086
v 74.69366557 10.60024016 16.24015645
v 73.42633863 10.60024016 18.95930449
v 74.76450510 10.57065882 16.27363007
v 73.49639970 10.57065882 18.99199965
v 74.83378771 10.53640674 16.30554678
v 73.56568231 10.53640674 19.02469482
v 74.90151341 10.49904084 16.33746349
v 73.63340802 10.49904084 19.05583308
v 74.96690375 10.45778265 16.36782329
v 73.69879835 10.45778265 19.08697133
v 75.03073717 10.41341064 16.39740463
v 73.76341023 10.41341064 19.11655267
v 75.09301368 10.36514635 16.42620751
v 73.82490828 10.36514635 19.14535556
v 75.15217636 10.31376823 16.45423194
v 73.88484942 10.31376823 19.17337999
v 75.20978213 10.25927628 16.48069946
v 73.94167673 10.25927628 19.19984750
v 75.26427408 10.20244897 16.50638852
v 73.99616868 10.20244897 19.22553656
v 75.31643065 10.14172937 16.53052067
v 74.04832525 10.14172937 19.24966871
v 75.36625186 10.07867441 16.55387436
v 74.09814646 10.07867441 19.27302240
v 75.41218078 10.01250562 16.57567113
v 74.14485384 10.01250562 19.29404072
v 75.45577434 9.94477992 16.59591100
v 74.18844740 9.94477992 19.31505904
v 75.49625407 9.87394039 16.61459395
v 74.22892713 9.87394039 19.33374199
v 75.53361997 9.80154395 16.63171999
v 74.26551457 9.80154395 19.35086803
v 75.56787205 9.72681214 16.64806757
v 74.29976665 9.72681214 19.36643716
v 75.59823185 9.65052341 16.66207979
v 74.33090491 9.65052341 19.38122783
v 75.62547782 9.57267778 16.67453509
v 74.35737242 9.57267778 19.39368313
v 75.64960997 9.49327523 16.68621194
v 74.38150457 9.49327523 19.40458152
v 75.66984984 9.41309423 16.69555341
v 74.40174444 9.41309423 19.41392300
v 75.68619742 9.33135631 16.70333798
v 74.41809202 9.33135631 19.42170756
v 75.69865272 9.24961839 16.70878717
v 74.43132578 9.24961839 19.42793521
v 75.70799420 9.16632356 16.71345791
v 74.44066725 9.16632356 19.43260595
v 75.71344339 9.08302873 16.71579328
v 74.44611645 9.08302873 19.43494132
v 43.36079734 10.69209801 1.62930915
v 43.36079734 10.69832567 1.62930915
v 44.15560128 10.69832567 1.99985437
v 44.15560128 10.69209801 1.99985437
v 43.36079734 7.31826818 1.62930915
v 43.36079734 7.33228039 1.62930915
v 44.15560128 7.33228039 1.99985437
v 44.15560128 7.31826818 1.99985437
v 43.36079734 10.66718741 1.62930915
v 43.36079734 10.68197808 1.62930915
v 44.15560128 10.68197808 1.99985437
v 74.32623417 52.30837467 16.06889605
v 74.40096598 52.31849460 16.10392658
v 37.92250126 55.68142605 -0.90612320
v 37.92250126 55.69154598 -0.90612320
v 74.02419310 55.69154598 15.92799545
v 73.94868284 55.68142605 15.89296491
v 37.92250126 55.69777363 -0.90612320
v 74.09970337 55.69777363 15.96302598
v 43.36079734 7.30036368 1.62930915
v 43.36079734 7.30192060 1.62930915
v 43.36079734 7.30814825 1.62930915
v 43.36079734 7.35096335 1.62930915
v 43.36079734 7.37353858 1.62930915
v 43.36079734 7.39922764 1.62930915
v 43.36079734 7.42958744 1.62930915
v 43.36079734 7.46306106 1.62930915
v 43.36079734 7.50042697 1.62930915
v 43.36079734 7.54168515 1.62930915
v 43.36079734 7.58683562 1.62930915
v 43.36079734 7.63432146 1.62930915
v 43.36079734 7.68569958 1.62930915
v 43.36079734 7.74019152 1.62930915
v 43.36079734 7.79779729 1.62930915
v 43.36079734 7.85851689 1.62930915
v 43.36079734 7.92157185 1.62930915
v 43.36079734 7.98696219 1.62930915
v 43.36079734 8.05546635 1.62930915
v 43.36079734 8.12630587 1.62930915
v 43.36079734 8.19870231 1.62930915
v 43.36079734 8.27343412 1.62930915
v 43.36079734 8.34972285 1.62930915
v 43.36079734 8.42756848 1.62930915
v 43.36079734 8.50619257 1.62930915
v 43.36079734 8.58715203 1.62930915
v 43.36079734 8.66811150 1.62930915
v 43.36079734 8.75062787 1.62930915
v 43.36079734 8.83314424 1.62930915
v 43.36079734 8.91643907 1.62930915
v 43.36079734 8.99973390 1.62930915
v 43.36079734 9.08302873 1.62930915
v 43.36079734 9.16632356 1.62930915
v 43.36079734 9.24961839 1.62930915
v 43.36079734 9.33135631 1.62930915
v 43.36079734 9.41309423 1.62930915
v 43.36079734 9.49327523 1.62930915
v 43.36079734 9.57267778 1.62930915
v 43.36079734 9.65052341 1.62930915
v 43.36079734 9.72681214 1.62930915
v 43.36079734 9.80154395 1.62930915
v 43.36079734 9.87394039 1.62930915
v 43.36079734 9.94477992 1.62930915
v 43.36079734 10.01250562 1.62930915
v 43.36079734 10.07867441 1.62930915
v 43.36079734 10.14172937 1.62930915
v 43.36079734 10.20244897 1.62930915
v 43.36079734 10.25927628 1.62930915
v 43.36079734 10.31376823 1.62930915
v 43.36079734 10.36514635 1.62930915
v 43.36079734 10.41341064 1.62930915
v 43.36079734 10.45778265 1.62930915
v 43.36079734 10.49904084 1.62930915
v 43.36079734 10.53640674 1.62930915
v 43.36079734 10.57065882 1.62930915
v 43.36079734 10.60024016 1.62930915
v 43.36079734 10.62670768 1.62930915
v 43.36079734 10.64928292 1.62930915
v 43.36079734 10.69988258 1.62930915
v 43.36079734 25.00012579 1.62930915
v 37.92250126 25.00012579 -0.90612320
v 37.92250126 52.29981165 -0.90612320
v 37.92250126 52.31849460 -0.90612320
v 37.92250126 52.33250682 -0.90612320
v 73.87472948 52.33250682 15.85793438
v 73.94868284 52.31849460 15.89296491
v 74.47569779 52.33250682 16.13895712
v 37.92250126 52.35118977 -0.90612320
v 73.80077613 52.35118977 15.82368230
v 74.54965114 52.35118977 16.17320920
v 37.92250126 52.37298655 -0.90612320
v 73.72760123 52.37298655 15.79020867
v 74.62204758 52.37298655 16.20668282
v 37.92250126 52.39945406 -0.90612320
v 73.65598325 52.39945406 15.75673505
v 74.69366557 52.39945406 16.24015645
v 37.92250126 52.42903540 -0.90612320
v 73.58514372 52.42903540 15.72326143
v 74.76450510 52.42903540 16.27363007
v 37.92250126 52.46328748 -0.90612320
v 73.51586111 52.46328748 15.69134472
v 74.83378771 52.46328748 16.30554678
v 37.92250126 52.50065339 -0.90612320
v 73.44891386 52.50065339 15.65942801
v 74.90151341 52.50065339 16.33746349
v 37.92250126 52.54191158 -0.90612320
v 73.38274507 52.54191158 15.62906821
v 74.96690375 52.54191158 16.36782329
v 37.92250126 52.58628359 -0.90612320
v 73.31891165 52.58628359 15.59948687
v 75.03073717 52.58628359 16.39740463
v 37.92250126 52.63454788 -0.90612320
v 73.25741360 52.63454788 15.57068398
v 75.09301368 52.63454788 16.42620751
v 37.92250126 52.68592600 -0.90612320
v 73.19747246 52.68592600 15.54265955
v 75.15217636 52.68592600 16.45423194
v 37.92250126 52.74041795 -0.90612320
v 73.13986669 52.74041795 15.51619204
v 75.20978213 52.74041795 16.48069946
v 37.92250126 52.79802372 -0.90612320
v 73.08537474 52.79802372 15.49050298
v 75.26427408 52.79802372 16.50638852
v 37.92250126 52.85796485 -0.90612320
v 73.03321817 52.85796485 15.46637083
v 75.31643065 52.85796485 16.53052067
v 37.92250126 52.92179828 -0.90612320
v 72.98417542 52.92179828 15.44301714
v 75.36625186 52.92179828 16.55387436
v 37.92250126 52.98718861 -0.90612320
v 72.93746804 52.98718861 15.42122036
v 75.41218078 52.98718861 16.57567113
v 37.92250126 53.05569277 -0.90612320
v 72.89387448 53.05569277 15.40098050
v 75.45577434 53.05569277 16.59591100
v 37.92250126 53.12575384 -0.90612320
v 72.85339475 53.12575384 15.38229754
v 75.49625407 53.12575384 16.61459395
v 37.92250126 53.19892874 -0.90612320
v 72.81602884 53.19892874 15.36517150
v 75.53361997 53.19892874 16.63171999
v 37.92250126 53.27288209 -0.90612320
v 72.78177676 53.27288209 15.34882392
v 75.56787205 53.27288209 16.64806757
v 37.92250126 53.34917081 -0.90612320
v 72.75141697 53.34917081 15.33481171
v 75.59823185 53.34917081 16.66207979
v 37.92250126 53.42701645 -0.90612320
v 72.72417099 53.42701645 15.32235640
v 75.62547782 53.42701645 16.67453509
v 37.92250126 53.50641900 -0.90612320
v 72.70081730 53.50641900 15.31067956
v 75.64960997 53.50641900 16.68621194
v 37.92250126 53.58660000 -0.90612320
v 72.68057744 53.58660000 15.30133808
v 75.66984984 53.58660000 16.69555341
v 37.92250126 53.66833792 -0.90612320
v 72.66345140 53.66833792 15.29355352
v 75.68619742 53.66833792 16.70333798
v 37.92250126 53.75085429 -0.90612320
v 72.65099610 53.75085429 15.28810433
v 75.69865272 53.75085429 16.70878717
v 37.92250126 53.83337067 -0.90612320
v 72.64165462 53.83337067 15.28343359
v 75.70799420 53.83337067 16.71345791
v 37.92250126 53.91666550 -0.90612320
v 72.63620543 53.91666550 15.28109822
v 75.71344339 53.91666550 16.71579328
v 37.92250126 53.99996033 -0.90612320
v 72.63387006 53.99996033 15.28031976
v 75.71577876 53.99996033 16.71657173
v 37.92250126 54.08325515 -0.90612320
v 72.63620543 54.08325515 15.28109822
v 75.71344339 54.08325515 16.71579328
v 37.92250126 54.16654998 -0.90612320
v 72.64165462 54.16654998 15.28343359
v 75.70799420 54.16654998 16.71345791
v 37.92250126 54.24906636 -0.90612320
v 72.65099610 54.24906636 15.28810433
v 75.69865272 54.24906636 16.70878717
v 37.92250126 54.33158273 -0.90612320
v 72.66345140 54.33158273 15.29355352
v 75.68619742 54.33158273 16.70333798
v 37.92250126 54.41332065 -0.90612320
v 72.68057744 54.41332065 15.30133808
v 75.66984984 54.41332065 16.69555341
v 37.92250126 54.49350165 -0.90612320
v 72.70081730 54.49350165 15.31067956
v 75.64960997 54.49350165 16.68621194
v 37.92250126 54.57290420 -0.90612320
v 72.72417099 54.57290420 15.32235640
v 75.62547782 54.57290420 16.67453509
v 37.92250126 54.65074984 -0.90612320
v 72.75141697 54.65074984 15.33481171
v 75.59823185 54.65074984 16.66207979
v 37.92250126 54.72703856 -0.90612320
v 72.78177676 54.72703856 15.34882392
v 75.56787205 54.72703856 16.64806757
v 37.92250126 54.80099191 -0.90612320
v 72.81602884 54.80099191 15.36517150
v 75.53361997 54.80099191 16.63171999
v 37.92250126 54.87416681 -0.90612320
v 72.85339475 54.87416681 15.38229754
v 75.49625407 54.87416681 16.61459395
v 37.92250126 54.94422788 -0.90612320
v 72.89387448 54.94422788 15.40098050
v 75.45577434 54.94422788 16.59591100
v 37.92250126 55.01273204 -0.90612320
v 72.93746804 55.01273204 15.42122036
v 75.41218078 55.01273204 16.57567113
v 37.92250126 55.07812237 -0.90612320
v 72.98417542 55.07812237 15.44301714
v 75.36625186 55.07812237 16.55387436
v 37.92250126 55.14195580 -0.90612320
v 73.03321817 55.14195580 15.46637083
v 75.31643065 55.14195580 16.53052067
v 37.92250126 55.20189693 -0.90612320
v 73.08537474 55.20189693 15.49050298
v 75.26427408 55.20189693 16.50638852
v 37.92250126 55.25950271 -0.90612320
v 73.13986669 55.25950271 15.51619204
v 75.20978213 55.25950271 16.48069946
v 37.92250126 55.31399465 -0.90612320
v 73.19747246 55.31399465 15.54265955
v 75.15217636 55.31399465 16.45423194
v 37.92250126 55.36537277 -0.90612320
v 73.25741360 55.36537277 15.57068398
v 75.09301368 55.36537277 16.42620751
v 37.92250126 55.41363706 -0.90612320
v 73.31891165 55.41363706 15.59948687
v 75.03073717 55.41363706 16.39740463
v 37.92250126 55.45800908 -0.90612320
v 73.38274507 55.45800908 15.62906821
v 74.96690375 55.45800908 16.36782329
v 37.92250126 55.49926726 -0.90612320
v 73.44891386 55.49926726 15.65942801
v 74.90151341 55.49926726 16.33746349
v 37.92250126 55.53663317 -0.90612320
v 73.51586111 55.53663317 15.69134472
v 74.83378771 55.53663317 16.30554678
v 37.92250126 55.57088525 -0.90612320
v 73.58514372 55.57088525 15.72326143
v 74.76450510 55.57088525 16.27363007
v 37.92250126 55.60046659 -0.90612320
v 73.65598325 55.60046659 15.75673505
v 74.69366557 55.60046659 16.24015645
v 37.92250126 55.62693410 -0.90612320
v 73.72760123 55.62693410 15.79020867
v 74.62204758 55.62693410 16.20668282
v 37.92250126 55.64873088 -0.90612320
v 73.80077613 55.64873088 15.82368230
v 74.54965114 55.64873088 16.17320920
v 37.92250126 55.66741383 -0.90612320
v 73.87472948 55.66741383 15.85793438
v 74.47569779 55.66741383 16.13895712
v 74.40096598 55.68142605 16.10392658
v 74.32623417 55.69154598 16.06889605
v 37.92250126 55.70010900 -0.90612320
v 74.25072390 52.30214702 16.03386551
v 37.92250126 52.30214702 -0.90612320
v 74.09970337 52.30214702 15.96302598
v 74.17521364 52.29981165 15.99805652
v 37.92250126 52.30837467 -0.90612320
v 74.02419310 52.30837467 15.92799545
v 74.25072390 55.69777363 16.03386551
v 74.17521364 55.70010900 15.99805652
v 42.09269194 10.69832567 4.34845719
v 42.09269194 10.69209801 4.34845719
v 73.05812877 52.30837467 18.78804409
v 72.98261850 52.30214702 18.75223510
v 72.83159797 55.69777363 18.68217403
v 72.90710824 55.70010900 18.71720456
v 36.65439586 55.70010900 1.81224639
v 36.65439586 55.69777363 1.81224639
v 73.05812877 55.69154598 18.78804409
v 73.13286058 55.68142605 18.82307463
v 72.75608770 52.30837467 18.64714349
v 72.68135589 52.31849460 18.61211295
v 36.65439586 52.31849460 1.81224639
v 36.65439586 52.30837467 1.81224639
v 73.20759239 52.33250682 18.85732671
v 73.13286058 52.31849460 18.82307463
v 72.60662408 52.33250682 18.57708242
v 72.53267073 52.35118977 18.54283034
v 36.65439586 52.35118977 1.81224639
v 36.65439586 52.33250682 1.81224639
v 73.35394218 52.37298655 18.92583086
v 73.28154574 52.35118977 18.89157879
v 72.45949583 52.37298655 18.50857826
v 72.38787785 52.39945406 18.47510464
v 36.65439586 52.39945406 1.81224639
v 36.65439586 52.37298655 1.81224639
v 72.31781678 52.42903540 18.44240947
v 36.65439586 52.42903540 1.81224639
v 73.69879835 52.54191158 19.08697133
v 73.63340802 52.50065339 19.05583308
v 73.76341023 52.58628359 19.11655267
v 73.82490828 52.63454788 19.14535556
v 73.88484942 52.68592600 19.17337999
v 73.94167673 52.74041795 19.19984750
v 73.99616868 52.79802372 19.22553656
v 72.90710824 52.29981165 18.71720456
v 72.83159797 52.30214702 18.68217403
v 36.65439586 52.30214702 1.81224639
v 36.65439586 52.29981165 1.81224639
v 42.09269194 10.68197808 4.34845719
v 50.92895001 3.74982425 8.46882667
v 42.09269194 7.30036368 4.34845719
v 42.09269194 6.14513445 4.34845719
v 42.09269194 4.62169537 4.34845719
v 42.09269194 3.08735790 4.34845719
v 42.09269194 1.54601432 4.34845719
v 42.09269194 7.30814825 4.34845719
v 42.09269194 7.30192060 4.34845719
v 42.09269194 7.31826818 4.34845719
v 42.09269194 7.33228039 4.34845719
v 42.09269194 7.35096335 4.34845719
v 42.09269194 7.37353858 4.34845719
v 42.09269194 7.39922764 4.34845719
v 42.09269194 7.42958744 4.34845719
v 42.09269194 7.46306106 4.34845719
v 42.09269194 7.50042697 4.34845719
v 42.09269194 7.54168515 4.34845719
v 42.09269194 7.58683562 4.34845719
v 42.09269194 7.63432146 4.34845719
v 54.03966160 7.65845361 9.91909086
v 42.09269194 7.68569958 4.34845719
v 42.09269194 7.65378287 4.34845719
v 42.09269194 7.74019152 4.34845719
v 42.09269194 7.79779729 4.34845719
v 42.09269194 7.85851689 4.34845719
v 42.09269194 7.92157185 4.34845719
v 42.09269194 7.98696219 4.34845719
v 42.09269194 8.05546635 4.34845719
v 42.09269194 8.12630587 4.34845719
v 42.09269194 8.19870231 4.34845719
v 42.09269194 8.27343412 4.34845719
v 42.09269194 8.34972285 4.34845719
v 42.09269194 8.42756848 4.34845719
v 42.09269194 8.50619257 4.34845719
v 42.09269194 8.58715203 4.34845719
v 42.09269194 8.66811150 4.34845719
v 42.09269194 8.75062787 4.34845719
v 42.09269194 8.83314424 4.34845719
v 42.09269194 8.91643907 4.34845719
v 42.09269194 8.99973390 4.34845719
v 42.09269194 9.08302873 4.34845719
v 53.80378932 9.12817920 9.80932851
v 42.09269194 9.16632356 4.34845719
v 42.09269194 9.14374833 4.34845719
v 42.09269194 9.24961839 4.34845719
v 42.09269194 9.33135631 4.34845719
v 42.09269194 9.41309423 4.34845719
v 42.09269194 9.49327523 4.34845719
v 42.09269194 9.57267778 4.34845719
v 42.09269194 9.65052341 4.34845719
v 42.09269194 9.72681214 4.34845719
v 42.09269194 9.80154395 4.34845719
v 42.09269194 9.87394039 4.34845719
v 42.09269194 9.94477992 4.34845719
v 42.09269194 10.01250562 4.34845719
v 42.09269194 10.07867441 4.34845719
v 42.09269194 10.14172937 4.34845719
v 42.09269194 10.20244897 4.34845719
v 42.09269194 10.25927628 4.34845719
v 42.09269194 10.31376823 4.34845719
v 42.09269194 10.36514635 4.34845719
v 42.09269194 10.41341064 4.34845719
v 42.09269194 10.45778265 4.34845719
v 42.09269194 10.49904084 4.34845719
v 42.09269194 10.53640674 4.34845719
v 42.09269194 10.57065882 4.34845719
v 42.09269194 10.60024016 4.34845719
v 54.22493421 10.61347392 10.00549951
v 42.09269194 10.62670768 4.34845719
v 42.09269194 10.61191701 4.34845719
v 42.09269194 10.64928292 4.34845719
v 42.09269194 10.66718741 4.34845719
v 42.09269194 10.69988258 4.34845719
v 48.51884914 16.74693153 7.34551415
v 42.09269194 25.00012579 4.34845719
v 42.09269194 19.98375305 4.34845719
v 42.09269194 18.76469040 4.34845719
v 42.09269194 17.50047728 4.34845719
v 42.09269194 16.19422752 4.34845719
v 42.09269194 14.84905494 4.34845719
v 42.09269194 13.46807337 4.34845719
v 42.09269194 12.05439663 4.34845719
v 36.65439586 25.00012579 1.81224639
v 73.42633863 52.39945406 18.95930449
v 73.49639970 52.42903540 18.99199965
v 73.56568231 52.46328748 19.02469482
v 72.24853416 52.46328748 18.41049276
v 36.65439586 52.46328748 1.81224639
v 72.18080846 52.50065339 18.37857605
v 36.65439586 52.50065339 1.81224639
v 72.11463967 52.54191158 18.34821625
v 36.65439586 52.54191158 1.81224639
v 72.05080625 52.58628359 18.31785645
v 36.65439586 52.58628359 1.81224639
v 71.98930820 52.63454788 18.28905357
v 36.65439586 52.63454788 1.81224639
v 71.92936706 52.68592600 18.26180760
v 36.65439586 52.68592600 1.81224639
v 71.87253974 52.74041795 18.23456162
v 36.65439586 52.74041795 1.81224639
v 71.81726934 52.79802372 18.20965102
v 36.65439586 52.79802372 1.81224639
v 74.04832525 52.85796485 19.24966871
v 71.76511277 52.85796485 18.18474042
v 36.65439586 52.85796485 1.81224639
v 74.09814646 52.92179828 19.27302240
v 71.71607002 52.92179828 18.16216518
v 36.65439586 52.92179828 1.81224639
v 74.14485384 52.98718861 19.29404072
v 71.66936264 52.98718861 18.14036840
v 36.65439586 52.98718861 1.81224639
v 74.18844740 53.05569277 19.31505904
v 71.62576908 53.05569277 18.12012854
v 36.65439586 53.05569277 1.81224639
v 74.22892713 53.12575384 19.33374199
v 71.58528935 53.12575384 18.10144559
v 36.65439586 53.12575384 1.81224639
v 74.26551457 53.19892874 19.35086803
v 71.54792344 53.19892874 18.08354109
v 36.65439586 53.19892874 1.81224639
v 74.29976665 53.27288209 19.36643716
v 71.51444982 53.27288209 18.06797196
v 36.65439586 53.27288209 1.81224639
v 74.33090491 53.34917081 19.38122783
v 71.48331157 53.34917081 18.05395975
v 36.65439586 53.34917081 1.81224639
v 74.35737242 53.42701645 19.39368313
v 71.45606559 53.42701645 18.04072599
v 36.65439586 53.42701645 1.81224639
v 74.38150457 53.50641900 19.40458152
v 71.43271190 53.50641900 18.02982760
v 36.65439586 53.50641900 1.81224639
v 74.40174444 53.58660000 19.41392300
v 71.41247204 53.58660000 18.02048613
v 36.65439586 53.58660000 1.81224639
v 74.41809202 53.66833792 19.42170756
v 71.39612446 53.66833792 18.01270156
v 36.65439586 53.66833792 1.81224639
v 74.43132578 53.75085429 19.42793521
v 71.38289070 53.75085429 18.00647391
v 36.65439586 53.75085429 1.81224639
v 74.44066725 53.83337067 19.43260595
v 71.37354922 53.83337067 18.00258163
v 36.65439586 53.83337067 1.81224639
v 74.44611645 53.91666550 19.43494132
v 71.36810003 53.91666550 17.99946780
v 36.65439586 53.91666550 1.81224639
v 74.44767336 53.99996033 19.43571978
v 71.36654311 53.99996033 17.99868935
v 36.65439586 53.99996033 1.81224639
v 74.44611645 54.08325515 19.43494132
v 71.36810003 54.08325515 17.99946780
v 36.65439586 54.08325515 1.81224639
v 74.44066725 54.16654998 19.43260595
v 71.37354922 54.16654998 18.00258163
v 36.65439586 54.16654998 1.81224639
v 74.43132578 54.24906636 19.42793521
v 71.38289070 54.24906636 18.00647391
v 36.65439586 54.24906636 1.81224639
v 74.41809202 54.33158273 19.42170756
v 71.39612446 54.33158273 18.01270156
v 36.65439586 54.33158273 1.81224639
v 74.40174444 54.41332065 19.41392300
v 71.41247204 54.41332065 18.02048613
v 36.65439586 54.41332065 1.81224639
v 74.38150457 54.49350165 19.40458152
v 71.43271190 54.49350165 18.02982760
v 36.65439586 54.49350165 1.81224639
v 74.35737242 54.57290420 19.39368313
v 71.45606559 54.57290420 18.04072599
v 36.65439586 54.57290420 1.81224639
v 74.33090491 54.65074984 19.38122783
v 71.48331157 54.65074984 18.05395975
v 36.65439586 54.65074984 1.81224639
v 74.29976665 54.72703856 19.36643716
v 71.51444982 54.72703856 18.06797196
v 36.65439586 54.72703856 1.81224639
v 74.26551457 54.80099191 19.35086803
v 71.54792344 54.80099191 18.08354109
v 36.65439586 54.80099191 1.81224639
v 74.22892713 54.87416681 19.33374199
v 71.58528935 54.87416681 18.10144559
v 36.65439586 54.87416681 1.81224639
v 74.18844740 54.94422788 19.31505904
v 71.62576908 54.94422788 18.12012854
v 36.65439586 54.94422788 1.81224639
v 74.14485384 55.01273204 19.29404072
v 71.66936264 55.01273204 18.14036840
v 36.65439586 55.01273204 1.81224639
v 74.09814646 55.07812237 19.27302240
v 71.71607002 55.07812237 18.16216518
v 36.65439586 55.07812237 1.81224639
v 74.04832525 55.14195580 19.24966871
v 71.76511277 55.14195580 18.18474042
v 36.65439586 55.14195580 1.81224639
v 73.99616868 55.20189693 19.22553656
v 71.81726934 55.20189693 18.20965102
v 36.65439586 55.20189693 1.81224639
v 73.94167673 55.25950271 19.19984750
v 71.87253974 55.25950271 18.23456162
v 36.65439586 55.25950271 1.81224639
v 73.88484942 55.31399465 19.17337999
v 71.92936706 55.31399465 18.26180760
v 36.65439586 55.31399465 1.81224639
v 73.82490828 55.36537277 19.14535556
v 71.98930820 55.36537277 18.28905357
v 36.65439586 55.36537277 1.81224639
v 73.76341023 55.41363706 19.11655267
v 72.05080625 55.41363706 18.31785645
v 36.65439586 55.41363706 1.81224639
v 73.69879835 55.45800908 19.08697133
v 72.11463967 55.45800908 18.34821625
v 36.65439586 55.45800908 1.81224639
v 73.63340802 55.49926726 19.05583308
v 72.18080846 55.49926726 18.37857605
v 36.65439586 55.49926726 1.81224639
v 73.56568231 55.53663317 19.02469482
v 72.24853416 55.53663317 18.41049276
v 36.65439586 55.53663317 1.81224639
v 73.49639970 55.57088525 18.99199965
v 72.31781678 55.57088525 18.44240947
v 36.65439586 55.57088525 1.81224639
v 73.42633863 55.60046659 18.95930449
v 72.38787785 55.60046659 18.47510464
v 36.65439586 55.60046659 1.81224639
v 73.35394218 55.62693410 18.92583086
v 72.45949583 55.62693410 18.50857826
v 36.65439586 55.62693410 1.81224639
v 73.28154574 55.64873088 18.89157879
v 72.53267073 55.64873088 18.54283034
v 36.65439586 55.64873088 1.81224639
v 73.20759239 55.66741383 18.85732671
v 72.60662408 55.66741383 18.57708242
v 36.65439586 55.66741383 1.81224639
v 72.68135589 55.68142605 18.61211295
v 36.65439586 55.68142605 1.81224639
v 72.75608770 55.69154598 18.64714349
v 36.65439586 55.69154598 1.81224639
v 72.98261850 55.69777363 18.75223510
v 37.28883779 53.80612469 0.45306160
v 42.45934489 8.03678339 0.35497610
v 41.50028666 0.15958355 -1.00031641
v 41.50028666 0.31838865 -1.00031641
v 41.50028666 0.47719374 -1.00031641
v 41.50028666 0.63366347 -1.00031641
v 41.50028666 0.78935474 -1.00031641
v 41.50028666 0.94348910 -1.00031641
v 41.50028666 1.09450963 -1.00031641
v 41.50028666 1.24397325 -1.00031641
v 41.50028666 1.38954459 -1.00031641
v 41.50028666 1.53200210 -1.00031641
v 41.50028666 1.67056733 -1.00031641
v 41.50028666 1.80524028 -1.00031641
v 41.50028666 1.93602095 -1.00031641
v 41.50028666 2.06213088 -1.00031641
v 41.50028666 2.18279162 -1.00031641
v 41.50028666 2.29800316 -1.00031641
v 41.50028666 2.40776550 -1.00031641
v 41.50028666 2.51207865 -1.00031641
v 41.50028666 2.61016415 -1.00031641
v 41.50028666 2.70202200 -1.00031641
v 41.50028666 2.78765220 -1.00031641
v 41.50028666 2.86627629 -1.00031641
v 41.50028666 2.93789428 -1.00031641
v 41.50028666 3.00250616 -1.00031641
v 41.50028666 3.06011193 -1.00031641
v 41.50028666 3.10993313 -1.00031641
v 41.50028666 3.15274823 -1.00031641
v 41.50028666 3.18777877 -1.00031641
v 41.50028666 3.21502474 -1.00031641
v 41.50028666 3.23448615 -1.00031641
v 41.50028666 3.24616299 -1.00031641
v 41.50028666 3.25005528 -1.00031641
v 41.50028666 3.82689143 -1.00031641
v 41.50028666 4.57187416 -1.00031641
v 41.50028666 5.30595851 -1.00031641
v 41.50028666 6.02758754 -1.00031641
v 41.50028666 6.73364746 -1.00031641
v 41.50028666 7.42413824 -1.00031641
v 41.50028666 8.09750299 -1.00031641
v 41.50028666 8.74984941 -1.00031641
v 41.50028666 9.38195597 -1.00031641
v 41.50028666 9.99148730 -1.00031641
v 41.50028666 10.57688647 -1.00031641
v 41.50028666 11.13659659 -1.00031641
v 41.50028666 11.66983919 -1.00031641
v 41.50028666 12.17505737 -1.00031641
v 41.50028666 12.65069420 -1.00031641
v 41.50028666 13.09597123 -1.00031641
v 41.50028666 13.50933156 -1.00031641
v 41.50028666 13.88999671 -1.00031641
v 41.50028666 14.23796670 -1.00031641
v 41.50028666 14.55090616 -1.00031641
v 41.50028666 14.82959353 -1.00031641
v 41.50028666 15.07169346 -1.00031641
v 41.50028666 15.27798439 -1.00031641
v 41.50028666 15.44768788 -1.00031641
v 41.50028666 15.57924700 -1.00031641
v 41.50028666 15.67421868 -1.00031641
v 41.50028666 15.73104599 -1.00031641
v 41.50028666 15.74972894 -1.00031641
v 41.50028666 20.96850034 -1.00031641
v 41.50028666 25.00012579 -1.00031641
v 23.50004040 23.27195269 0.55815321
v 23.50004040 25.00012579 1.99985437
v 23.50004040 25.00012579 1.81224639
v 23.50004040 25.00012579 -0.90612320
v 23.50004040 25.00012579 -1.00031641
v 23.50004040 20.96850034 -1.00031641
v 23.50004040 20.96850034 1.00031641
v 23.50004040 20.96850034 1.99985437
v 41.56645545 25.00012579 -0.90612320
v 33.59817621 25.00012579 -0.94348910
v 0.46551690 -27.20938492 -1.00031641
v 0.00000000 -31.50023634 -1.00031641
v -1.54601432 -31.46209198 -1.00031641
v -3.08735790 -31.34843735 -1.00031641
v -4.62169537 -31.15927246 -1.00031641
v -6.14513445 -30.89459730 -1.00031641
v -7.65378287 -30.55596879 -1.00031641
v -9.14374833 -30.14338692 -1.00031641
v -10.61191701 -29.65840861 -1.00031641
v -12.05439663 -29.10259077 -1.00031641
v -13.46807337 -28.47593341 -1.00031641
v -14.84905494 -27.78077189 -1.00031641
v -16.19422752 -27.01866312 -1.00031641
v -17.50047728 -26.19116401 -1.00031641
v -18.76469040 -25.30138840 -1.00031641
v -19.98375305 -24.35011474 -1.00031641
v -21.15377295 -23.33967839 -1.00031641
v -22.27397164 -22.27397164 -1.00031641
v -23.33967839 -21.15377295 -1.00031641
v -23.75070334 -20.67735766 -1.00031641
v 17.67796533 -20.67735766 -1.00031641
v 23.75070334 -20.67735766 -1.00031641
v 23.33967839 -21.15377295 -1.00031641
v 22.27397164 -22.27397164 -1.00031641
v 21.15377295 -23.33967839 -1.00031641
v 19.98375305 -24.35011474 -1.00031641
v 18.76469040 -25.30138840 -1.00031641
v 17.50047728 -26.19116401 -1.00031641
v 16.19422752 -27.01866312 -1.00031641
v 14.84905494 -27.78077189 -1.00031641
v 13.46807337 -28.47593341 -1.00031641
v 12.05439663 -29.10259077 -1.00031641
v 10.61191701 -29.65840861 -1.00031641
v 9.14374833 -30.14338692 -1.00031641
v 7.65378287 -30.55596879 -1.00031641
v 6.14513445 -30.89459730 -1.00031641
v 4.62169537 -31.15927246 -1.00031641
v 3.08735790 -31.34843735 -1.00031641
v 1.54601432 -31.46209198 -1.00031641
v -23.75381717 -20.67424383 -1.00031641
v 17.53083708 -20.67424383 -1.00031641
v 17.82509358 -20.67424383 -1.00031641
v 23.75381717 -20.67424383 -1.00031641
v -23.76315864 -20.66334545 -1.00031641
v 17.38370883 -20.66334545 -1.00031641
v 17.97144338 -20.66334545 -1.00031641
v 23.76315864 -20.66334545 -1.00031641
v -23.77872777 -20.64544095 -1.00031641
v 17.23735903 -20.64544095 -1.00031641
v 18.11779317 -20.64544095 -1.00031641
v 23.77872777 -20.64544095 -1.00031641
v -23.80052455 -20.61975189 -1.00031641
v 17.09256615 -20.61975189 -1.00031641
v 18.26258605 -20.61975189 -1.00031641
v 23.80052455 -20.61975189 -1.00031641
v -23.82854898 -20.58783518 -1.00031641
v 16.94855173 -20.58783518 -1.00031641
v 18.40660048 -20.58783518 -1.00031641
v 23.82854898 -20.58783518 -1.00031641
v -23.86202260 -20.54813391 -1.00031641
v 16.80687267 -20.54813391 -1.00031641
v 18.54827953 -20.54813391 -1.00031641
v 23.86202260 -20.54813391 -1.00031641
v -23.90250233 -20.50220498 -1.00031641
v 16.66675053 -20.50220498 -1.00031641
v 18.68840168 -20.50220498 -1.00031641
v 23.90250233 -20.50220498 -1.00031641
v -23.94765280 -20.44926995 -1.00031641
v 16.52974221 -20.44926995 -1.00031641
v 18.82541000 -20.44926995 -1.00031641
v 23.94765280 -20.44926995 -1.00031641
v -23.99903092 -20.38932881 -1.00031641
v 16.39506926 -20.38932881 -1.00031641
v 18.96008294 -20.38932881 -1.00031641
v 23.99903092 -20.38932881 -1.00031641
v -24.05663669 -20.32316002 -1.00031641
v 16.26351014 -20.32316002 -1.00031641
v 19.09164207 -20.32316002 -1.00031641
v 24.05663669 -20.32316002 -1.00031641
v -24.11891320 -20.25076358 -1.00031641
v 16.13506484 -20.25076358 -1.00031641
v 19.22008737 -20.25076358 -1.00031641
v 24.11891320 -20.25076358 -1.00031641
v -24.18741736 -20.17213949 -1.00031641
v 16.01129028 -20.17213949 -1.00031641
v 19.34464038 -20.17213949 -1.00031641
v 24.18741736 -20.17213949 -1.00031641
v -24.25981380 -20.08728774 -1.00031641
v 15.89062954 -20.08728774 -1.00031641
v 19.46452266 -20.08728774 -1.00031641
v 24.25981380 -20.08728774 -1.00031641
v -24.33843789 -19.99698681 -1.00031641
v 15.77463955 -19.99698681 -1.00031641
v 19.58051266 -19.99698681 -1.00031641
v 24.33843789 -19.99698681 -1.00031641
v -8.33337526 -19.95572862 -1.00031641
v -24.35011474 -19.98375305 -1.00031641
v -24.41472661 -19.90045822 -1.00031641
v 15.66332029 -19.90045822 -1.00031641
v 22.47559184 -19.95572862 -1.00031641
v 19.69261037 -19.90045822 -1.00031641
v 24.41472661 -19.90045822 -1.00031641
v 24.35011474 -19.98375305 -1.00031641
v -24.49335070 -19.79925889 -1.00031641
v 15.55667177 -19.79925889 -1.00031641
v 19.79925889 -19.79925889 -1.00031641
v 24.49335070 -19.79925889 -1.00031641
v -24.57664553 -19.69261037 -1.00031641
v 15.45469398 -19.69261037 -1.00031641
v 19.90045822 -19.69261037 -1.00031641
v 24.57664553 -19.69261037 -1.00031641
v -24.66383265 -19.58051266 -1.00031641
v 15.35894385 -19.58051266 -1.00031641
v 19.99698681 -19.58051266 -1.00031641
v 24.66383265 -19.58051266 -1.00031641
v -24.75491204 -19.46452266 -1.00031641
v 15.26786446 -19.46452266 -1.00031641
v 20.08728774 -19.46452266 -1.00031641
v 24.75491204 -19.46452266 -1.00031641
v -24.84832680 -19.34464038 -1.00031641
v 15.18301272 -19.34464038 -1.00031641
v 20.17213949 -19.34464038 -1.00031641
v 24.84832680 -19.34464038 -1.00031641
v -24.94563385 -19.22008737 -1.00031641
v 15.10438863 -19.22008737 -1.00031641
v 20.25076358 -19.22008737 -1.00031641
v 24.94563385 -19.22008737 -1.00031641
v -25.04527626 -19.09164207 -1.00031641
v 15.03199218 -19.09164207 -1.00031641
v 20.32316002 -19.09164207 -1.00031641
v 25.04527626 -19.09164207 -1.00031641
v -25.14803250 -18.96008294 -1.00031641
v 14.96582339 -18.96008294 -1.00031641
v 20.38932881 -18.96008294 -1.00031641
v 25.14803250 -18.96008294 -1.00031641
v -25.25312411 -18.82541000 -1.00031641
v 14.90588226 -18.82541000 -1.00031641
v 20.44926995 -18.82541000 -1.00031641
v 25.25312411 -18.82541000 -1.00031641
v -9.23015698 -18.75846275 -1.00031641
v -25.30138840 -18.76469040 -1.00031641
v -25.35432343 -18.68840168 -1.00031641
v 14.85294722 -18.68840168 -1.00031641
v 23.37237356 -18.75846275 -1.00031641
v 20.50220498 -18.68840168 -1.00031641
v 25.35432343 -18.68840168 -1.00031641
v 25.30138840 -18.76469040 -1.00031641
v -25.45318739 -18.54827953 -1.00031641
v 14.80701830 -18.54827953 -1.00031641
v 20.54813391 -18.54827953 -1.00031641
v 25.45318739 -18.54827953 -1.00031641
v -25.55282980 -18.40660048 -1.00031641
v 14.76731702 -18.40660048 -1.00031641
v 20.58783518 -18.40660048 -1.00031641
v 25.55282980 -18.40660048 -1.00031641
v -25.65402913 -18.26258605 -1.00031641
v 14.73540031 -18.26258605 -1.00031641
v 20.61975189 -18.26258605 -1.00031641
v 25.65402913 -18.26258605 -1.00031641
v -25.75678537 -18.11779317 -1.00031641
v 14.71048971 -18.11779317 -1.00031641
v 20.64544095 -18.11779317 -1.00031641
v 25.75678537 -18.11779317 -1.00031641
v -25.85954160 -17.97144338 -1.00031641
v 14.69180676 -17.97144338 -1.00031641
v 20.66334545 -17.97144338 -1.00031641
v 25.85954160 -17.97144338 -1.00031641
v -25.96307630 -17.82509358 -1.00031641
v 14.68090837 -17.82509358 -1.00031641
v 20.67424383 -17.82509358 -1.00031641
v 25.96307630 -17.82509358 -1.00031641
v -26.06661099 -17.67796533 -1.00031641
v 14.67779454 -17.67796533 -1.00031641
v 20.67735766 -17.67796533 -1.00031641
v 26.06661099 -17.67796533 -1.00031641
v -26.17014569 -17.53083708 -1.00031641
v 14.68090837 -17.53083708 -1.00031641
v 20.67424383 -17.53083708 -1.00031641
v 26.17014569 -17.53083708 -1.00031641
v -9.85058670 -17.46622520 -1.00031641
v -26.19116401 -17.50047728 -1.00031641
v -26.26511736 -17.38370883 -1.00031641
v 14.69180676 -17.38370883 -1.00031641
v 23.99280327 -17.46622520 -1.00031641
v 20.66334545 -17.38370883 -1.00031641
v 26.26511736 -17.38370883 -1.00031641
v 26.19116401 -17.50047728 -1.00031641
v -26.35775367 -17.23735903 -1.00031641
v 14.71048971 -17.23735903 -1.00031641
v 20.64544095 -17.23735903 -1.00031641
v 26.35775367 -17.23735903 -1.00031641
v -26.44961152 -17.09256615 -1.00031641
v 14.73540031 -17.09256615 -1.00031641
v 20.61975189 -17.09256615 -1.00031641
v 26.44961152 -17.09256615 -1.00031641
v -26.54069091 -16.94855173 -1.00031641
v 14.76731702 -16.94855173 -1.00031641
v 20.58783518 -16.94855173 -1.00031641
v 26.54069091 -16.94855173 -1.00031641
v -26.63021339 -16.80687267 -1.00031641
v 14.80701830 -16.80687267 -1.00031641
v 20.54813391 -16.80687267 -1.00031641
v 26.63021339 -16.80687267 -1.00031641
v -26.71895742 -16.66675053 -1.00031641
v 14.85294722 -16.66675053 -1.00031641
v 20.50220498 -16.66675053 -1.00031641
v 26.71895742 -16.66675053 -1.00031641
v -26.80614453 -16.52974221 -1.00031641
v 14.90588226 -16.52974221 -1.00031641
v 20.44926995 -16.52974221 -1.00031641
v 26.80614453 -16.52974221 -1.00031641
v -26.89099627 -16.39506926 -1.00031641
v 14.96582339 -16.39506926 -1.00031641
v 20.38932881 -16.39506926 -1.00031641
v 26.89099627 -16.39506926 -1.00031641
v -26.97429110 -16.26351014 -1.00031641
v 15.03199218 -16.26351014 -1.00031641
v 20.32316002 -16.26351014 -1.00031641
v 26.97429110 -16.26351014 -1.00031641
v -10.18143065 -16.19811980 -1.00031641
v -27.01866312 -16.19422752 -1.00031641
v -27.05213674 -16.13506484 -1.00031641
v 15.10438863 -16.13506484 -1.00031641
v 24.32364722 -16.19811980 -1.00031641
v 20.25076358 -16.13506484 -1.00031641
v 27.05213674 -16.13506484 -1.00031641
v 27.01866312 -16.19422752 -1.00031641
v -27.12219781 -16.01129028 -1.00031641
v 15.18301272 -16.01129028 -1.00031641
v 20.17213949 -16.01129028 -1.00031641
v 27.12219781 -16.01129028 -1.00031641
v -27.19070197 -15.89062954 -1.00031641
v 15.26786446 -15.89062954 -1.00031641
v 20.08728774 -15.89062954 -1.00031641
v 27.19070197 -15.89062954 -1.00031641
v -27.25609230 -15.77463955 -1.00031641
v 15.35894385 -15.77463955 -1.00031641
v 19.99698681 -15.77463955 -1.00031641
v 27.25609230 -15.77463955 -1.00031641
v -4.75714678 -15.75984888 -1.00031641
v -27.27010452 -15.74972894 -1.00031641
v 0.00000000 -15.74972894 -1.00031641
v 15.37996217 -15.74972894 -1.00031641
v -27.28100291 -15.73104599 -1.00031641
v -0.77300716 -15.73104599 -1.00031641
v 0.77300716 -15.73104599 -1.00031641
v 15.39630976 -15.73104599 -1.00031641
v -27.31291962 -15.67421868 -1.00031641
v -1.54367895 -15.67421868 -1.00031641
v 1.54367895 -15.67421868 -1.00031641
v 15.44535251 -15.67421868 -1.00031641
v 1.63397989 -15.66332029 -1.00031641
v 15.45469398 -15.66332029 -1.00031641
v 19.90045822 -15.66332029 -1.00031641
v 27.31914727 -15.66332029 -1.00031641
v -27.36663311 -15.57924700 -1.00031641
v -2.31123691 -15.57924700 -1.00031641
v 2.31123691 -15.57924700 -1.00031641
v 15.53409653 -15.57924700 -1.00031641
v 2.44435295 -15.55667177 -1.00031641
v 15.55667177 -15.55667177 -1.00031641
v 19.79925889 -15.55667177 -1.00031641
v 27.37986686 -15.55667177 -1.00031641
v 3.02975213 -15.45469398 -1.00031641
v 15.66332029 -15.45469398 -1.00031641
v 19.69261037 -15.45469398 -1.00031641
v 27.43747263 -15.45469398 -1.00031641
v -27.44136491 -15.44768788 -1.00031641
v -3.07256723 -15.44768788 -1.00031641
v 3.07256723 -15.44768788 -1.00031641
v 15.67188331 -15.44768788 -1.00031641
v 3.46802305 -15.35894385 -1.00031641
v 15.77463955 -15.35894385 -1.00031641
v 19.58051266 -15.35894385 -1.00031641
v 27.49196458 -15.35894385 -1.00031641
v -27.53711505 -15.27798439 -1.00031641
v -3.82689143 -15.27798439 -1.00031641
v 3.82689143 -15.27798439 -1.00031641
v 15.87817424 -15.27798439 -1.00031641
v 3.86270043 -15.26786446 -1.00031641
v 15.89062954 -15.26786446 -1.00031641
v 19.46452266 -15.26786446 -1.00031641
v 27.54334270 -15.26786446 -1.00031641
v 4.16941223 -15.18301272 -1.00031641
v 16.01129028 -15.18301272 -1.00031641
v 19.34464038 -15.18301272 -1.00031641
v 27.59082853 -15.18301272 -1.00031641
v 4.45354880 -15.10438863 -1.00031641
v 16.13506484 -15.10438863 -1.00031641
v 19.22008737 -15.10438863 -1.00031641
v 27.63597900 -15.10438863 -1.00031641
v -27.65466196 -15.07169346 -1.00031641
v -4.57187416 -15.07169346 -1.00031641
v 4.57187416 -15.07169346 -1.00031641
v 16.19267061 -15.07169346 -1.00031641
v 4.69253490 -15.03199218 -1.00031641
v 16.26351014 -15.03199218 -1.00031641
v 19.09164207 -15.03199218 -1.00031641
v 27.67723719 -15.03199218 -1.00031641
v 4.89337664 -14.96582339 -1.00031641
v 16.39506926 -14.96582339 -1.00031641
v 18.96008294 -14.96582339 -1.00031641
v 27.71460310 -14.96582339 -1.00031641
v 5.07397851 -14.90588226 -1.00031641
v 16.52974221 -14.90588226 -1.00031641
v 18.82541000 -14.90588226 -1.00031641
v 27.74807672 -14.90588226 -1.00031641
v 5.23434052 -14.85294722 -1.00031641
v 16.66675053 -14.85294722 -1.00031641
v 18.68840168 -14.85294722 -1.00031641
v 27.77843652 -14.85294722 -1.00031641
v -18.62067597 -14.93001440 -1.00031641
v -27.78077189 -14.84905494 -1.00031641
v -27.79011336 -14.82959353 -1.00031641
v -5.30595851 -14.82959353 -1.00031641
v 5.30595851 -14.82959353 -1.00031641
v 16.73914697 -14.82959353 -1.00031641
v 5.36434273 -14.80701830 -1.00031641
v 16.80687267 -14.80701830 -1.00031641
v 24.11969165 -14.83348581 -1.00031641
v 18.54827953 -14.80701830 -1.00031641
v 27.80179021 -14.80701830 -1.00031641
v 27.78077189 -14.84905494 -1.00031641
v 5.46632051 -14.76731702 -1.00031641
v 16.94855173 -14.76731702 -1.00031641
v 18.40660048 -14.76731702 -1.00031641
v 27.82125162 -14.76731702 -1.00031641
v 5.54961534 -14.73540031 -1.00031641
v 17.09256615 -14.73540031 -1.00031641
v 18.26258605 -14.73540031 -1.00031641
v 27.83759920 -14.73540031 -1.00031641
v 5.61500568 -14.71048971 -1.00031641
v 17.23735903 -14.71048971 -1.00031641
v 18.11779317 -14.71048971 -1.00031641
v 27.85005450 -14.71048971 -1.00031641
v 5.66171306 -14.69180676 -1.00031641
v 17.38370883 -14.69180676 -1.00031641
v 17.97144338 -14.69180676 -1.00031641
v 27.85939598 -14.69180676 -1.00031641
v 5.68973749 -14.68090837 -1.00031641
v 17.53083708 -14.68090837 -1.00031641
v 17.82509358 -14.68090837 -1.00031641
v 27.86484517 -14.68090837 -1.00031641
v 5.69907896 -14.67779454 -1.00031641
v 17.67796533 -14.67779454 -1.00031641
v 27.86640208 -14.67779454 -1.00031641
v -27.93023550 -14.55090616 -1.00031641
v -6.02758754 -14.55090616 -1.00031641
v 17.04040958 -14.62719488 -1.00031641
v 6.02758754 -14.55090616 -1.00031641
v 27.93023550 -14.55090616 -1.00031641
v -28.08826214 -14.23796670 -1.00031641
v -6.73364746 -14.23796670 -1.00031641
v 6.73364746 -14.23796670 -1.00031641
v 28.08826214 -14.23796670 -1.00031641
v -28.26341482 -13.88999671 -1.00031641
v -7.42413824 -13.88999671 -1.00031641
v 7.42413824 -13.88999671 -1.00031641
v 28.26341482 -13.88999671 -1.00031641
v -28.45491509 -13.50933156 -1.00031641
v -8.09750299 -13.50933156 -1.00031641
v 8.09750299 -13.50933156 -1.00031641
v 28.45491509 -13.50933156 -1.00031641
v -20.48352203 -13.33573579 -1.00031641
v -28.47593341 -13.46807337 -1.00031641
v -28.64096616 -13.09597123 -1.00031641
v -8.74984941 -13.09597123 -1.00031641
v 20.48352203 -13.33573579 -1.00031641
v 8.74984941 -13.09597123 -1.00031641
v 28.64096616 -13.09597123 -1.00031641
v 28.47593341 -13.46807337 -1.00031641
v -28.83791561 -12.65069420 -1.00031641
v -9.38195597 -12.65069420 -1.00031641
v 9.38195597 -12.65069420 -1.00031641
v 28.83791561 -12.65069420 -1.00031641
v -29.04887728 -12.17505737 -1.00031641
v -9.99148730 -12.17505737 -1.00031641
v 9.99148730 -12.17505737 -1.00031641
v 29.04887728 -12.17505737 -1.00031641
v -21.59437924 -11.94852657 -1.00031641
v -29.10259077 -12.05439663 -1.00031641
v -29.25049748 -11.66983919 -1.00031641
v -10.57688647 -11.66983919 -1.00031641
v 21.59437924 -11.94852657 -1.00031641
v 10.57688647 -11.66983919 -1.00031641
v 29.25049748 -11.66983919 -1.00031641
v 29.10259077 -12.05439663 -1.00031641
v -29.45600996 -11.13659659 -1.00031641
v -11.13659659 -11.13659659 -1.00031641
v 11.13659659 -11.13659659 -1.00031641
v 29.45600996 -11.13659659 -1.00031641
v -22.31834365 -10.80808801 -1.00031641
v -29.65840861 -10.61191701 -1.00031641
v -29.67008545 -10.57688647 -1.00031641
v -11.66983919 -10.57688647 -1.00031641
v 22.31834365 -10.80808801 -1.00031641
v 11.66983919 -10.57688647 -1.00031641
v 29.67008545 -10.57688647 -1.00031641
v 29.65840861 -10.61191701 -1.00031641
v -29.86392109 -9.99148730 -1.00031641
v -12.17505737 -9.99148730 -1.00031641
v 12.17505737 -9.99148730 -1.00031641
v 29.86392109 -9.99148730 -1.00031641
v -30.06476283 -9.38195597 -1.00031641
v -12.65069420 -9.38195597 -1.00031641
v 12.65069420 -9.38195597 -1.00031641
v 30.06476283 -9.38195597 -1.00031641
v -23.24159289 -9.08147182 -1.00031641
v -30.14338692 -9.14374833 -1.00031641
v -30.25237081 -8.74984941 -1.00031641
v -13.09597123 -8.74984941 -1.00031641
v 23.24159289 -9.08147182 -1.00031641
v 13.09597123 -8.74984941 -1.00031641
v 30.25237081 -8.74984941 -1.00031641
v 30.14338692 -9.14374833 -1.00031641
v -30.43297268 -8.09750299 -1.00031641
v -13.50933156 -8.09750299 -1.00031641
v 13.50933156 -8.09750299 -1.00031641
v 30.43297268 -8.09750299 -1.00031641
v -23.79896764 -7.73941307 -1.00031641
v -30.55596879 -7.65378287 -1.00031641
v -30.60734690 -7.42413824 -1.00031641
v -13.88999671 -7.42413824 -1.00031641
v 23.79896764 -7.73941307 -1.00031641
v 13.88999671 -7.42413824 -1.00031641
v 30.60734690 -7.42413824 -1.00031641
v 30.55596879 -7.65378287 -1.00031641
v -30.76225972 -6.73364746 -1.00031641
v -14.23796670 -6.73364746 -1.00031641
v 14.23796670 -6.73364746 -1.00031641
v 30.76225972 -6.73364746 -1.00031641
v -24.27226910 -6.33352089 -1.00031641
v -30.89459730 -6.14513445 -1.00031641
v -30.91483716 -6.02758754 -1.00031641
v -14.55090616 -6.02758754 -1.00031641
v 24.27226910 -6.33352089 -1.00031641
v 14.55090616 -6.02758754 -1.00031641
v 30.91483716 -6.02758754 -1.00031641
v 30.89459730 -6.14513445 -1.00031641
v -31.04016864 -5.30595851 -1.00031641
v -14.82959353 -5.30595851 -1.00031641
v 14.82959353 -5.30595851 -1.00031641
v 31.04016864 -5.30595851 -1.00031641
v -24.65293426 -4.87547214 -1.00031641
v -31.15927246 -4.62169537 -1.00031641
v -31.16550011 -4.57187416 -1.00031641
v -15.07169346 -4.57187416 -1.00031641
v 24.65293426 -4.87547214 -1.00031641
v 15.07169346 -4.57187416 -1.00031641
v 31.16550011 -4.57187416 -1.00031641
v 31.15927246 -4.62169537 -1.00031641
v -31.25735796 -3.82689143 -1.00031641
v -15.27798439 -3.82689143 -1.00031641
v 15.27798439 -3.82689143 -1.00031641
v 31.25735796 -3.82689143 -1.00031641
v -23.65417476 -3.48047836 -1.00031641
v -31.32819749 -3.25005528 -1.00031641
v -25.00012579 -3.25005528 -1.00031641
v -15.40720815 -3.25005528 -1.00031641
v 23.65417476 -3.48047836 -1.00031641
v 15.40720815 -3.25005528 -1.00031641
v 25.00012579 -3.25005528 -1.00031641
v 31.32819749 -3.25005528 -1.00031641
v -31.32897594 -3.24616299 -1.00031641
v -25.15970934 -3.24616299 -1.00031641
v -24.84054224 -3.24616299 -1.00031641
v -15.40876506 -3.24616299 -1.00031641
v 15.40876506 -3.24616299 -1.00031641
v 24.84054224 -3.24616299 -1.00031641
v 25.15970934 -3.24616299 -1.00031641
v 31.32897594 -3.24616299 -1.00031641
v -31.33053286 -3.23448615 -1.00031641
v -25.31851444 -3.23448615 -1.00031641
v -24.68173714 -3.23448615 -1.00031641
v -15.41110043 -3.23448615 -1.00031641
v 15.41110043 -3.23448615 -1.00031641
v 24.68173714 -3.23448615 -1.00031641
v 25.31851444 -3.23448615 -1.00031641
v 31.33053286 -3.23448615 -1.00031641
v -31.33286823 -3.21502474 -1.00031641
v -25.47654108 -3.21502474 -1.00031641
v -24.52293205 -3.21502474 -1.00031641
v -15.41577117 -3.21502474 -1.00031641
v 15.41577117 -3.21502474 -1.00031641
v 24.52293205 -3.21502474 -1.00031641
v 25.47654108 -3.21502474 -1.00031641
v 31.33286823 -3.21502474 -1.00031641
v -31.33598205 -3.18777877 -1.00031641
v -25.63378926 -3.18777877 -1.00031641
v -24.36568386 -3.18777877 -1.00031641
v -15.42122036 -3.18777877 -1.00031641
v 15.42122036 -3.18777877 -1.00031641
v 24.36568386 -3.18777877 -1.00031641
v 25.63378926 -3.18777877 -1.00031641
v 31.33598205 -3.18777877 -1.00031641
v -31.34065279 -3.15274823 -1.00031641
v -25.78948053 -3.15274823 -1.00031641
v -24.20999259 -3.15274823 -1.00031641
v -15.42978338 -3.15274823 -1.00031641
v 15.42978338 -3.15274823 -1.00031641
v 24.20999259 -3.15274823 -1.00031641
v 25.78948053 -3.15274823 -1.00031641
v 31.34065279 -3.15274823 -1.00031641
v -31.34532353 -3.10993313 -1.00031641
v -25.94361489 -3.10993313 -1.00031641
v -24.05663669 -3.10993313 -1.00031641
v -15.43912486 -3.10993313 -1.00031641
v 15.43912486 -3.10993313 -1.00031641
v 24.05663669 -3.10993313 -1.00031641
v 25.94361489 -3.10993313 -1.00031641
v 31.34532353 -3.10993313 -1.00031641
v -23.94376052 -3.07256723 -1.00031641
v -15.44768788 -3.07256723 -1.00031641
v 15.44768788 -3.07256723 -1.00031641
v 23.94376052 -3.07256723 -1.00031641
v -29.21624540 -3.08580099 -1.00031641
v -31.34843735 -3.08735790 -1.00031641
v -31.34999427 -3.06011193 -1.00031641
v -26.09463542 -3.06011193 -1.00031641
v -23.90483770 -3.06011193 -1.00031641
v -15.44924479 -3.06011193 -1.00031641
v 15.44924479 -3.06011193 -1.00031641
v 23.90483770 -3.06011193 -1.00031641
v 29.21624540 -3.08580099 -1.00031641
v 26.09463542 -3.06011193 -1.00031641
v 31.34999427 -3.06011193 -1.00031641
v 31.34843735 -3.08735790 -1.00031641
v -31.35466500 -3.00250616 -1.00031641
v -26.24409904 -3.00250616 -1.00031641
v -23.75615254 -3.00250616 -1.00031641
v -15.45936472 -3.00250616 -1.00031641
v 15.45936472 -3.00250616 -1.00031641
v 23.75615254 -3.00250616 -1.00031641
v 26.24409904 -3.00250616 -1.00031641
v 31.35466500 -3.00250616 -1.00031641
v -31.35933574 -2.93789428 -1.00031641
v -26.38967038 -2.93789428 -1.00031641
v -23.61058120 -2.93789428 -1.00031641
v -15.47104157 -2.93789428 -1.00031641
v 15.47104157 -2.93789428 -1.00031641
v 23.61058120 -2.93789428 -1.00031641
v 26.38967038 -2.93789428 -1.00031641
v 31.35933574 -2.93789428 -1.00031641
v -31.36478494 -2.86627629 -1.00031641
v -26.53212789 -2.86627629 -1.00031641
v -23.46812369 -2.86627629 -1.00031641
v -15.48349687 -2.86627629 -1.00031641
v 15.48349687 -2.86627629 -1.00031641
v 23.46812369 -2.86627629 -1.00031641
v 26.53212789 -2.86627629 -1.00031641
v 31.36478494 -2.86627629 -1.00031641
v -31.37023413 -2.78765220 -1.00031641
v -26.67069313 -2.78765220 -1.00031641
v -23.32878000 -2.78765220 -1.00031641
v -15.49673063 -2.78765220 -1.00031641
v 15.49673063 -2.78765220 -1.00031641
v 23.32878000 -2.78765220 -1.00031641
v 26.67069313 -2.78765220 -1.00031641
v 31.37023413 -2.78765220 -1.00031641
v -31.37646178 -2.70202200 -1.00031641
v -26.80536607 -2.70202200 -1.00031641
v -23.19410705 -2.70202200 -1.00031641
v -15.51152130 -2.70202200 -1.00031641
v 15.51152130 -2.70202200 -1.00031641
v 23.19410705 -2.70202200 -1.00031641
v 26.80536607 -2.70202200 -1.00031641
v 31.37646178 -2.70202200 -1.00031641
v -31.38346789 -2.61016415 -1.00031641
v -26.93614674 -2.61016415 -1.00031641
v -23.06410484 -2.61016415 -1.00031641
v -15.52786888 -2.61016415 -1.00031641
v 15.52786888 -2.61016415 -1.00031641
v 23.06410484 -2.61016415 -1.00031641
v 26.93614674 -2.61016415 -1.00031641
v 31.38346789 -2.61016415 -1.00031641
v -31.39047400 -2.51207865 -1.00031641
v -27.06147821 -2.51207865 -1.00031641
v -22.93799491 -2.51207865 -1.00031641
v -15.54421647 -2.51207865 -1.00031641
v 15.54421647 -2.51207865 -1.00031641
v 22.93799491 -2.51207865 -1.00031641
v 27.06147821 -2.51207865 -1.00031641
v 31.39047400 -2.51207865 -1.00031641
v -31.39825856 -2.40776550 -1.00031641
v -27.18291741 -2.40776550 -1.00031641
v -22.81733418 -2.40776550 -1.00031641
v -15.56289942 -2.40776550 -1.00031641
v 15.56289942 -2.40776550 -1.00031641
v 22.81733418 -2.40776550 -1.00031641
v 27.18291741 -2.40776550 -1.00031641
v 31.39825856 -2.40776550 -1.00031641
v -22.71535639 -2.31123691 -1.00031641
v -15.57924700 -2.31123691 -1.00031641
v 15.57924700 -2.31123691 -1.00031641
v 22.71535639 -2.31123691 -1.00031641
v -31.40682158 -2.29800316 -1.00031641
v -27.29812895 -2.29800316 -1.00031641
v -22.70212264 -2.29800316 -1.00031641
v -15.58080391 -2.29800316 -1.00031641
v 15.58080391 -2.29800316 -1.00031641
v 22.70212264 -2.29800316 -1.00031641
v 27.29812895 -2.29800316 -1.00031641
v 31.40682158 -2.29800316 -1.00031641
v -31.41538460 -2.18279162 -1.00031641
v -27.40789129 -2.18279162 -1.00031641
v -22.59158183 -2.18279162 -1.00031641
v -15.59559458 -2.18279162 -1.00031641
v 15.59559458 -2.18279162 -1.00031641
v 22.59158183 -2.18279162 -1.00031641
v 27.40789129 -2.18279162 -1.00031641
v 31.41538460 -2.18279162 -1.00031641
v -31.42394762 -2.06213088 -1.00031641
v -27.51220444 -2.06213088 -1.00031641
v -22.48804714 -2.06213088 -1.00031641
v -15.61038526 -2.06213088 -1.00031641
v 15.61038526 -2.06213088 -1.00031641
v 22.48804714 -2.06213088 -1.00031641
v 27.51220444 -2.06213088 -1.00031641
v 31.42394762 -2.06213088 -1.00031641
v -31.43328910 -1.93602095 -1.00031641
v -27.61028994 -1.93602095 -1.00031641
v -22.38996164 -1.93602095 -1.00031641
v -15.62595438 -1.93602095 -1.00031641
v 15.62595438 -1.93602095 -1.00031641
v 22.38996164 -1.93602095 -1.00031641
v 27.61028994 -1.93602095 -1.00031641
v 31.43328910 -1.93602095 -1.00031641
v -31.44263057 -1.80524028 -1.00031641
v -27.70214779 -1.80524028 -1.00031641
v -22.29810379 -1.80524028 -1.00031641
v -15.64152351 -1.80524028 -1.00031641
v 15.64152351 -1.80524028 -1.00031641
v 22.29810379 -1.80524028 -1.00031641
v 27.70214779 -1.80524028 -1.00031641
v 31.44263057 -1.80524028 -1.00031641
v -31.45275050 -1.67056733 -1.00031641
v -27.78777799 -1.67056733 -1.00031641
v -22.21247359 -1.67056733 -1.00031641
v -15.65864955 -1.67056733 -1.00031641
v 15.65864955 -1.67056733 -1.00031641
v 22.21247359 -1.67056733 -1.00031641
v 27.78777799 -1.67056733 -1.00031641
v 31.45275050 -1.67056733 -1.00031641
v -22.14007715 -1.54367895 -1.00031641
v -15.67421868 -1.54367895 -1.00031641
v 15.67421868 -1.54367895 -1.00031641
v 22.14007715 -1.54367895 -1.00031641
v -30.00637860 -1.59038633 -1.00031641
v -31.46209198 -1.54601432 -1.00031641
v -31.46209198 -1.53200210 -1.00031641
v -27.86640208 -1.53200210 -1.00031641
v -22.13384950 -1.53200210 -1.00031641
v -15.67499713 -1.53200210 -1.00031641
v 15.67499713 -1.53200210 -1.00031641
v 22.13384950 -1.53200210 -1.00031641
v 30.00637860 -1.59038633 -1.00031641
v 27.86640208 -1.53200210 -1.00031641
v 31.46209198 -1.53200210 -1.00031641
v 31.46209198 -1.54601432 -1.00031641
v -31.46598426 -1.38954459 -1.00031641
v -27.93802007 -1.38954459 -1.00031641
v -22.06223151 -1.38954459 -1.00031641
v -15.68589552 -1.38954459 -1.00031641
v 15.68589552 -1.38954459 -1.00031641
v 22.06223151 -1.38954459 -1.00031641
v 27.93802007 -1.38954459 -1.00031641
v 31.46598426 -1.38954459 -1.00031641
v -31.46909809 -1.24397325 -1.00031641
v -28.00263195 -1.24397325 -1.00031641
v -21.99761964 -1.24397325 -1.00031641
v -15.69601545 -1.24397325 -1.00031641
v 15.69601545 -1.24397325 -1.00031641
v 21.99761964 -1.24397325 -1.00031641
v 28.00263195 -1.24397325 -1.00031641
v 31.46909809 -1.24397325 -1.00031641
v -31.47299037 -1.09450963 -1.00031641
v -28.06023772 -1.09450963 -1.00031641
v -21.94001387 -1.09450963 -1.00031641
v -15.70691384 -1.09450963 -1.00031641
v 15.70691384 -1.09450963 -1.00031641
v 21.94001387 -1.09450963 -1.00031641
v 28.06023772 -1.09450963 -1.00031641
v 31.47299037 -1.09450963 -1.00031641
v -31.47688265 -0.94348910 -1.00031641
v -28.11005892 -0.94348910 -1.00031641
v -21.89019266 -0.94348910 -1.00031641
v -15.71859069 -0.94348910 -1.00031641
v 15.71859069 -0.94348910 -1.00031641
v 21.89019266 -0.94348910 -1.00031641
v 28.11005892 -0.94348910 -1.00031641
v 31.47688265 -0.94348910 -1.00031641
v -31.48077493 -0.78935474 -1.00031641
v -28.15287402 -0.78935474 -1.00031641
v -21.84737756 -0.78935474 -1.00031641
v -15.72948908 -0.78935474 -1.00031641
v 15.72948908 -0.78935474 -1.00031641
v 21.84737756 -0.78935474 -1.00031641
v 28.15287402 -0.78935474 -1.00031641
v 31.48077493 -0.78935474 -1.00031641
v -21.84348528 -0.77300716 -1.00031641
v -15.73104599 -0.77300716 -1.00031641
v 15.73104599 -0.77300716 -1.00031641
v 21.84348528 -0.77300716 -1.00031641
v -31.48466721 -0.63366347 -1.00031641
v -28.18790456 -0.63366347 -1.00031641
v -21.81234702 -0.63366347 -1.00031641
v -15.73415982 -0.63366347 -1.00031641
v 15.73415982 -0.63366347 -1.00031641
v 21.81234702 -0.63366347 -1.00031641
v 28.18790456 -0.63366347 -1.00031641
v 31.48466721 -0.63366347 -1.00031641
v -31.48855950 -0.47719374 -1.00031641
v -28.21515053 -0.47719374 -1.00031641
v -21.78510105 -0.47719374 -1.00031641
v -15.73805210 -0.47719374 -1.00031641
v 15.73805210 -0.47719374 -1.00031641
v 21.78510105 -0.47719374 -1.00031641
v 28.21515053 -0.47719374 -1.00031641
v 31.48855950 -0.47719374 -1.00031641
v -31.49245178 -0.31838865 -1.00031641
v -28.23461194 -0.31838865 -1.00031641
v -21.76563964 -0.31838865 -1.00031641
v -15.74194438 -0.31838865 -1.00031641
v 15.74194438 -0.31838865 -1.00031641
v 21.76563964 -0.31838865 -1.00031641
v 28.23461194 -0.31838865 -1.00031641
v 31.49245178 -0.31838865 -1.00031641
v -31.49634406 -0.15958355 -1.00031641
v -28.24628878 -0.15958355 -1.00031641
v -21.75396280 -0.15958355 -1.00031641
v -15.74583666 -0.15958355 -1.00031641
v 15.74583666 -0.15958355 -1.00031641
v 21.75396280 -0.15958355 -1.00031641
v 28.24628878 -0.15958355 -1.00031641
v 31.49634406 -0.15958355 -1.00031641
v -31.50023634 0.00000000 -1.00031641
v -28.25018107 0.00000000 -1.00031641
v -21.75007052 0.00000000 -1.00031641
v -15.74972894 0.00000000 -1.00031641
v 15.74972894 0.00000000 -1.00031641
v 21.75007052 0.00000000 -1.00031641
v 28.25018107 0.00000000 -1.00031641
v -31.49634406 0.15958355 -1.00031641
v -28.24628878 0.15958355 -1.00031641
v -21.75396280 0.15958355 -1.00031641
v -15.74583666 0.15958355 -1.00031641
v 15.74583666 0.15958355 -1.00031641
v 21.75396280 0.15958355 -1.00031641
v 34.19914452 0.06383342 -1.00031641
v 28.24628878 0.15958355 -1.00031641
v -31.49245178 0.31838865 -1.00031641
v -28.23461194 0.31838865 -1.00031641
v -21.76563964 0.31838865 -1.00031641
v -15.74194438 0.31838865 -1.00031641
v 15.74194438 0.31838865 -1.00031641
v 21.76563964 0.31838865 -1.00031641
v 28.23461194 0.31838865 -1.00031641
v -31.48855950 0.47719374 -1.00031641
v -28.21515053 0.47719374 -1.00031641
v -21.78510105 0.47719374 -1.00031641
v -15.73805210 0.47719374 -1.00031641
v 15.73805210 0.47719374 -1.00031641
v 21.78510105 0.47719374 -1.00031641
v 28.21515053 0.47719374 -1.00031641
v -31.48466721 0.63366347 -1.00031641
v -28.18790456 0.63366347 -1.00031641
v -21.81234702 0.63366347 -1.00031641
v -15.73415982 0.63366347 -1.00031641
v 15.73415982 0.63366347 -1.00031641
v 21.81234702 0.63366347 -1.00031641
v 28.18790456 0.63366347 -1.00031641
v -21.84348528 0.77300716 -1.00031641
v -15.73104599 0.77300716 -1.00031641
v 15.73104599 0.77300716 -1.00031641
v 21.84348528 0.77300716 -1.00031641
v -31.48077493 0.78935474 -1.00031641
v -28.15287402 0.78935474 -1.00031641
v -21.84737756 0.78935474 -1.00031641
v -15.72948908 0.78935474 -1.00031641
v 15.72948908 0.78935474 -1.00031641
v 21.84737756 0.78935474 -1.00031641
v 28.15287402 0.78935474 -1.00031641
v -31.47688265 0.94348910 -1.00031641
v -28.11005892 0.94348910 -1.00031641
v -21.89019266 0.94348910 -1.00031641
v -15.71859069 0.94348910 -1.00031641
v 15.71859069 0.94348910 -1.00031641
v 21.89019266 0.94348910 -1.00031641
v 28.11005892 0.94348910 -1.00031641
v -31.47299037 1.09450963 -1.00031641
v -28.06023772 1.09450963 -1.00031641
v -21.94001387 1.09450963 -1.00031641
v -15.70691384 1.09450963 -1.00031641
v 15.70691384 1.09450963 -1.00031641
v 21.94001387 1.09450963 -1.00031641
v 28.06023772 1.09450963 -1.00031641
v -31.46909809 1.24397325 -1.00031641
v -28.00263195 1.24397325 -1.00031641
v -21.99761964 1.24397325 -1.00031641
v -15.69601545 1.24397325 -1.00031641
v 15.69601545 1.24397325 -1.00031641
v 21.99761964 1.24397325 -1.00031641
v 28.00263195 1.24397325 -1.00031641
v -31.46598426 1.38954459 -1.00031641
v -27.93802007 1.38954459 -1.00031641
v -22.06223151 1.38954459 -1.00031641
v -15.68589552 1.38954459 -1.00031641
v 15.68589552 1.38954459 -1.00031641
v 22.06223151 1.38954459 -1.00031641
v 27.93802007 1.38954459 -1.00031641
v -31.46209198 1.53200210 -1.00031641
v -27.86640208 1.53200210 -1.00031641
v -22.13384950 1.53200210 -1.00031641
v -15.67499713 1.53200210 -1.00031641
v 15.67499713 1.53200210 -1.00031641
v 22.13384950 1.53200210 -1.00031641
v 27.86640208 1.53200210 -1.00031641
v -22.14007715 1.54367895 -1.00031641
v -15.67421868 1.54367895 -1.00031641
v 15.67421868 1.54367895 -1.00031641
v 22.14007715 1.54367895 -1.00031641
v -30.00637860 1.59038633 -1.00031641
v -31.46209198 1.54601432 -1.00031641
v -31.45275050 1.67056733 -1.00031641
v -27.78777799 1.67056733 -1.00031641
v -22.21247359 1.67056733 -1.00031641
v -15.65864955 1.67056733 -1.00031641
v 15.65864955 1.67056733 -1.00031641
v 22.21247359 1.67056733 -1.00031641
v 27.78777799 1.67056733 -1.00031641
v -31.44263057 1.80524028 -1.00031641
v -27.70214779 1.80524028 -1.00031641
v -22.29810379 1.80524028 -1.00031641
v -15.64152351 1.80524028 -1.00031641
v 15.64152351 1.80524028 -1.00031641
v 22.29810379 1.80524028 -1.00031641
v 27.70214779 1.80524028 -1.00031641
v -31.43328910 1.93602095 -1.00031641
v -27.61028994 1.93602095 -1.00031641
v -22.38996164 1.93602095 -1.00031641
v -15.62595438 1.93602095 -1.00031641
v 15.62595438 1.93602095 -1.00031641
v 22.38996164 1.93602095 -1.00031641
v 27.61028994 1.93602095 -1.00031641
v -31.42394762 2.06213088 -1.00031641
v -27.51220444 2.06213088 -1.00031641
v -22.48804714 2.06213088 -1.00031641
v -15.61038526 2.06213088 -1.00031641
v 15.61038526 2.06213088 -1.00031641
v 22.48804714 2.06213088 -1.00031641
v 27.51220444 2.06213088 -1.00031641
v -31.41538460 2.18279162 -1.00031641
v -27.40789129 2.18279162 -1.00031641
v -22.59158183 2.18279162 -1.00031641
v -15.59559458 2.18279162 -1.00031641
v 15.59559458 2.18279162 -1.00031641
v 22.59158183 2.18279162 -1.00031641
v 27.40789129 2.18279162 -1.00031641
v -31.40682158 2.29800316 -1.00031641
v -27.29812895 2.29800316 -1.00031641
v -22.70212264 2.29800316 -1.00031641
v -15.58080391 2.29800316 -1.00031641
v 15.58080391 2.29800316 -1.00031641
v 22.70212264 2.29800316 -1.00031641
v 27.29812895 2.29800316 -1.00031641
v -22.71535639 2.31123691 -1.00031641
v -15.57924700 2.31123691 -1.00031641
v 15.57924700 2.31123691 -1.00031641
v 22.71535639 2.31123691 -1.00031641
v -31.39825856 2.40776550 -1.00031641
v -27.18291741 2.40776550 -1.00031641
v -22.81733418 2.40776550 -1.00031641
v -15.56289942 2.40776550 -1.00031641
v 15.56289942 2.40776550 -1.00031641
v 22.81733418 2.40776550 -1.00031641
v 27.18291741 2.40776550 -1.00031641
v -31.39047400 2.51207865 -1.00031641
v -27.06147821 2.51207865 -1.00031641
v -22.93799491 2.51207865 -1.00031641
v -15.54421647 2.51207865 -1.00031641
v 15.54421647 2.51207865 -1.00031641
v 22.93799491 2.51207865 -1.00031641
v 27.06147821 2.51207865 -1.00031641
v -31.38346789 2.61016415 -1.00031641
v -26.93614674 2.61016415 -1.00031641
v -23.06410484 2.61016415 -1.00031641
v -15.52786888 2.61016415 -1.00031641
v 15.52786888 2.61016415 -1.00031641
v 23.06410484 2.61016415 -1.00031641
v 26.93614674 2.61016415 -1.00031641
v -31.37646178 2.70202200 -1.00031641
v -26.80536607 2.70202200 -1.00031641
v -23.19410705 2.70202200 -1.00031641
v -15.51152130 2.70202200 -1.00031641
v 15.51152130 2.70202200 -1.00031641
v 23.19410705 2.70202200 -1.00031641
v 26.80536607 2.70202200 -1.00031641
v -31.37023413 2.78765220 -1.00031641
v -26.67069313 2.78765220 -1.00031641
v -23.32878000 2.78765220 -1.00031641
v -15.49673063 2.78765220 -1.00031641
v 15.49673063 2.78765220 -1.00031641
v 23.32878000 2.78765220 -1.00031641
v 26.67069313 2.78765220 -1.00031641
v -31.36478494 2.86627629 -1.00031641
v -26.53212789 2.86627629 -1.00031641
v -23.46812369 2.86627629 -1.00031641
v -15.48349687 2.86627629 -1.00031641
v 15.48349687 2.86627629 -1.00031641
v 23.46812369 2.86627629 -1.00031641
v 26.53212789 2.86627629 -1.00031641
v -31.35933574 2.93789428 -1.00031641
v -26.38967038 2.93789428 -1.00031641
v -23.61058120 2.93789428 -1.00031641
v -15.47104157 2.93789428 -1.00031641
v 15.47104157 2.93789428 -1.00031641
v 23.61058120 2.93789428 -1.00031641
v 26.38967038 2.93789428 -1.00031641
v -31.35466500 3.00250616 -1.00031641
v -26.24409904 3.00250616 -1.00031641
v -23.75615254 3.00250616 -1.00031641
v -15.45936472 3.00250616 -1.00031641
v 15.45936472 3.00250616 -1.00031641
v 23.75615254 3.00250616 -1.00031641
v 26.24409904 3.00250616 -1.00031641
v -31.34999427 3.06011193 -1.00031641
v -26.09463542 3.06011193 -1.00031641
v -23.90483770 3.06011193 -1.00031641
v -15.44924479 3.06011193 -1.00031641
v 15.44924479 3.06011193 -1.00031641
v 23.90483770 3.06011193 -1.00031641
v 26.09463542 3.06011193 -1.00031641
v -23.94376052 3.07256723 -1.00031641
v -15.44768788 3.07256723 -1.00031641
v 15.44768788 3.07256723 -1.00031641
v 23.94376052 3.07256723 -1.00031641
v -29.21624540 3.08580099 -1.00031641
v -31.34843735 3.08735790 -1.00031641
v -31.34532353 3.10993313 -1.00031641
v -25.94361489 3.10993313 -1.00031641
v -24.05663669 3.10993313 -1.00031641
v -15.43912486 3.10993313 -1.00031641
v 15.43912486 3.10993313 -1.00031641
v 24.05663669 3.10993313 -1.00031641
v 25.94361489 3.10993313 -1.00031641
v -31.34065279 3.15274823 -1.00031641
v -25.78948053 3.15274823 -1.00031641
v -24.20999259 3.15274823 -1.00031641
v -15.42978338 3.15274823 -1.00031641
v 15.42978338 3.15274823 -1.00031641
v 24.20999259 3.15274823 -1.00031641
v 25.78948053 3.15274823 -1.00031641
v -31.33598205 3.18777877 -1.00031641
v -25.63378926 3.18777877 -1.00031641
v -24.36568386 3.18777877 -1.00031641
v -15.42122036 3.18777877 -1.00031641
v 15.42122036 3.18777877 -1.00031641
v 24.36568386 3.18777877 -1.00031641
v 25.63378926 3.18777877 -1.00031641
v -31.33286823 3.21502474 -1.00031641
v -25.47654108 3.21502474 -1.00031641
v -24.52293205 3.21502474 -1.00031641
v -15.41577117 3.21502474 -1.00031641
v 15.41577117 3.21502474 -1.00031641
v 24.52293205 3.21502474 -1.00031641
v 25.47654108 3.21502474 -1.00031641
v -31.33053286 3.23448615 -1.00031641
v -25.31851444 3.23448615 -1.00031641
v -24.68173714 3.23448615 -1.00031641
v -15.41110043 3.23448615 -1.00031641
v 15.41110043 3.23448615 -1.00031641
v 24.68173714 3.23448615 -1.00031641
v 25.31851444 3.23448615 -1.00031641
v -31.32897594 3.24616299 -1.00031641
v -25.15970934 3.24616299 -1.00031641
v -24.84054224 3.24616299 -1.00031641
v -15.40876506 3.24616299 -1.00031641
v 15.40876506 3.24616299 -1.00031641
v 24.84054224 3.24616299 -1.00031641
v 25.15970934 3.24616299 -1.00031641
v -31.32819749 3.25005528 -1.00031641
v -25.00012579 3.25005528 -1.00031641
v -15.40720815 3.25005528 -1.00031641
v 15.40720815 3.25005528 -1.00031641
v 25.00012579 3.25005528 -1.00031641
v -23.65417476 3.48047836 -1.00031641
v -31.25735796 3.82689143 -1.00031641
v -15.27798439 3.82689143 -1.00031641
v 27.73717833 3.48047836 -1.00031641
v 15.27798439 3.82689143 -1.00031641
v -31.16550011 4.57187416 -1.00031641
v -15.07169346 4.57187416 -1.00031641
v 15.07169346 4.57187416 -1.00031641
v -24.65293426 4.87547214 -1.00031641
v -31.15927246 4.62169537 -1.00031641
v -31.04016864 5.30595851 -1.00031641
v -14.82959353 5.30595851 -1.00031641
v 14.82959353 5.30595851 -1.00031641
v -30.91483716 6.02758754 -1.00031641
v -14.55090616 6.02758754 -1.00031641
v 14.55090616 6.02758754 -1.00031641
v -24.27226910 6.33352089 -1.00031641
v -30.89459730 6.14513445 -1.00031641
v -30.76225972 6.73364746 -1.00031641
v -14.23796670 6.73364746 -1.00031641
v 14.23796670 6.73364746 -1.00031641
v -30.60734690 7.42413824 -1.00031641
v -13.88999671 7.42413824 -1.00031641
v 13.88999671 7.42413824 -1.00031641
v -23.79896764 7.73941307 -1.00031641
v -30.55596879 7.65378287 -1.00031641
v -30.43297268 8.09750299 -1.00031641
v -13.50933156 8.09750299 -1.00031641
v 13.50933156 8.09750299 -1.00031641
v -30.25237081 8.74984941 -1.00031641
v -13.09597123 8.74984941 -1.00031641
v 13.09597123 8.74984941 -1.00031641
v -23.24159289 9.08147182 -1.00031641
v -30.14338692 9.14374833 -1.00031641
v -30.06476283 9.38195597 -1.00031641
v -12.65069420 9.38195597 -1.00031641
v 12.65069420 9.38195597 -1.00031641
v -29.86392109 9.99148730 -1.00031641
v -12.17505737 9.99148730 -1.00031641
v 12.17505737 9.99148730 -1.00031641
v -29.67008545 10.57688647 -1.00031641
v -11.66983919 10.57688647 -1.00031641
v 11.66983919 10.57688647 -1.00031641
v -22.31834365 10.80808801 -1.00031641
v -29.65840861 10.61191701 -1.00031641
v -29.45600996 11.13659659 -1.00031641
v -11.13659659 11.13659659 -1.00031641
v 11.13659659 11.13659659 -1.00031641
v -29.25049748 11.66983919 -1.00031641
v -10.57688647 11.66983919 -1.00031641
v 10.57688647 11.66983919 -1.00031641
v -21.59437924 11.94852657 -1.00031641
v -29.10259077 12.05439663 -1.00031641
v -29.04887728 12.17505737 -1.00031641
v -9.99148730 12.17505737 -1.00031641
v 9.99148730 12.17505737 -1.00031641
v -28.83791561 12.65069420 -1.00031641
v -9.38195597 12.65069420 -1.00031641
v 9.38195597 12.65069420 -1.00031641
v -28.64096616 13.09597123 -1.00031641
v -8.74984941 13.09597123 -1.00031641
v 8.74984941 13.09597123 -1.00031641
v -20.48352203 13.33573579 -1.00031641
v -28.47593341 13.46807337 -1.00031641
v -28.45491509 13.50933156 -1.00031641
v -8.09750299 13.50933156 -1.00031641
v 8.09750299 13.50933156 -1.00031641
v -28.26341482 13.88999671 -1.00031641
v -7.42413824 13.88999671 -1.00031641
v 7.42413824 13.88999671 -1.00031641
v -28.08826214 14.23796670 -1.00031641
v -6.73364746 14.23796670 -1.00031641
v 6.73364746 14.23796670 -1.00031641
v -27.93023550 14.55090616 -1.00031641
v -6.02758754 14.55090616 -1.00031641
v 6.02758754 14.55090616 -1.00031641
v -27.79011336 14.82959353 -1.00031641
v -5.30595851 14.82959353 -1.00031641
v 5.30595851 14.82959353 -1.00031641
v -18.62067597 14.93001440 -1.00031641
v -27.78077189 14.84905494 -1.00031641
v -27.65466196 15.07169346 -1.00031641
v -4.57187416 15.07169346 -1.00031641
v 4.57187416 15.07169346 -1.00031641
v -27.53711505 15.27798439 -1.00031641
v -3.82689143 15.27798439 -1.00031641
v 3.82689143 15.27798439 -1.00031641
v -27.44136491 15.44768788 -1.00031641
v -3.07256723 15.44768788 -1.00031641
v 3.07256723 15.44768788 -1.00031641
v -27.36663311 15.57924700 -1.00031641
v -2.31123691 15.57924700 -1.00031641
v 2.31123691 15.57924700 -1.00031641
v -27.31291962 15.67421868 -1.00031641
v -1.54367895 15.67421868 -1.00031641
v 1.54367895 15.67421868 -1.00031641
v -27.28100291 15.73104599 -1.00031641
v -0.77300716 15.73104599 -1.00031641
v 0.77300716 15.73104599 -1.00031641
v -27.27010452 15.74972894 -1.00031641
v 0.00000000 15.74972894 -1.00031641
v -4.71277476 18.25947223 -1.00031641
v -27.01866312 16.19422752 -1.00031641
v -26.19116401 17.50047728 -1.00031641
v -25.30138840 18.76469040 -1.00031641
v -24.35011474 19.98375305 -1.00031641
v -23.50004040 20.96850034 -1.00031641
v 0.00000000 27.40166364 -1.00031641
v -23.33967839 21.15377295 -1.00031641
v -22.27397164 22.27397164 -1.00031641
v -21.15377295 23.33967839 -1.00031641
v -19.98375305 24.35011474 -1.00031641
v -18.76469040 25.30138840 -1.00031641
v -17.50047728 26.19116401 -1.00031641
v -16.19422752 27.01866312 -1.00031641
v -14.84905494 27.78077189 -1.00031641
v -13.46807337 28.47593341 -1.00031641
v -12.05439663 29.10259077 -1.00031641
v -10.61191701 29.65840861 -1.00031641
v -9.14374833 30.14338692 -1.00031641
v -7.65378287 30.55596879 -1.00031641
v -6.14513445 30.89459730 -1.00031641
v -4.62169537 31.15927246 -1.00031641
v -3.08735790 31.34843735 -1.00031641
v -1.54601432 31.46209198 -1.00031641
v 0.00000000 31.50023634 -1.00031641
v 1.54601432 31.46209198 -1.00031641
v 3.08735790 31.34843735 -1.00031641
v 4.62169537 31.15927246 -1.00031641
v 6.14513445 30.89459730 -1.00031641
v 7.65378287 30.55596879 -1.00031641
v 9.14374833 30.14338692 -1.00031641
v 10.61191701 29.65840861 -1.00031641
v 12.05439663 29.10259077 -1.00031641
v 13.46807337 28.47593341 -1.00031641
v 14.84905494 27.78077189 -1.00031641
v 16.19422752 27.01866312 -1.00031641
v 17.50047728 26.19116401 -1.00031641
v 18.76469040 25.30138840 -1.00031641
v 19.98375305 24.35011474 -1.00031641
v 21.15377295 23.33967839 -1.00031641
v 22.27397164 22.27397164 -1.00031641
v 23.33967839 21.15377295 -1.00031641
v 0.46551690 -27.20938492 1.00031641
v 0.00000000 -31.50023634 1.00031641
v 1.54601432 -31.46209198 1.00031641
v 3.08735790 -31.34843735 1.00031641
v 4.62169537 -31.15927246 1.00031641
v 6.14513445 -30.89459730 1.00031641
v 7.65378287 -30.55596879 1.00031641
v 9.14374833 -30.14338692 1.00031641
v 10.61191701 -29.65840861 1.00031641
v 12.05439663 -29.10259077 1.00031641
v 13.46807337 -28.47593341 1.00031641
v 14.84905494 -27.78077189 1.00031641
v 16.19422752 -27.01866312 1.00031641
v 17.50047728 -26.19116401 1.00031641
v 18.76469040 -25.30138840 1.00031641
v 19.98375305 -24.35011474 1.00031641
v 21.15377295 -23.33967839 1.00031641
v 22.27397164 -22.27397164 1.00031641
v 23.33967839 -21.15377295 1.00031641
v 23.75070334 -20.67735766 1.00031641
v 17.67796533 -20.67735766 1.00031641
v -23.75070334 -20.67735766 1.00031641
v -23.33967839 -21.15377295 1.00031641
v -22.27397164 -22.27397164 1.00031641
v -21.15377295 -23.33967839 1.00031641
v -19.98375305 -24.35011474 1.00031641
v -18.76469040 -25.30138840 1.00031641
v -17.50047728 -26.19116401 1.00031641
v -16.19422752 -27.01866312 1.00031641
v -14.84905494 -27.78077189 1.00031641
v -13.46807337 -28.47593341 1.00031641
v -12.05439663 -29.10259077 1.00031641
v -10.61191701 -29.65840861 1.00031641
v -9.14374833 -30.14338692 1.00031641
v -7.65378287 -30.55596879 1.00031641
v -6.14513445 -30.89459730 1.00031641
v -4.62169537 -31.15927246 1.00031641
v -3.08735790 -31.34843735 1.00031641
v -1.54601432 -31.46209198 1.00031641
v 23.75381717 -20.67424383 1.00031641
v 17.82509358 -20.67424383 1.00031641
v 17.53083708 -20.67424383 1.00031641
v -23.75381717 -20.67424383 1.00031641
v 23.76315864 -20.66334545 1.00031641
v 17.97144338 -20.66334545 1.00031641
v 17.38370883 -20.66334545 1.00031641
v -23.76315864 -20.66334545 1.00031641
v 23.77872777 -20.64544095 1.00031641
v 18.11779317 -20.64544095 1.00031641
v 17.23735903 -20.64544095 1.00031641
v -23.77872777 -20.64544095 1.00031641
v 23.80052455 -20.61975189 1.00031641
v 18.26258605 -20.61975189 1.00031641
v 17.09256615 -20.61975189 1.00031641
v -23.80052455 -20.61975189 1.00031641
v 23.82854898 -20.58783518 1.00031641
v 18.40660048 -20.58783518 1.00031641
v 16.94855173 -20.58783518 1.00031641
v -23.82854898 -20.58783518 1.00031641
v 23.86202260 -20.54813391 1.00031641
v 18.54827953 -20.54813391 1.00031641
v 16.80687267 -20.54813391 1.00031641
v -23.86202260 -20.54813391 1.00031641
v 23.90250233 -20.50220498 1.00031641
v 18.68840168 -20.50220498 1.00031641
v 16.66675053 -20.50220498 1.00031641
v -23.90250233 -20.50220498 1.00031641
v 23.94765280 -20.44926995 1.00031641
v 18.82541000 -20.44926995 1.00031641
v 16.52974221 -20.44926995 1.00031641
v -23.94765280 -20.44926995 1.00031641
v 23.99903092 -20.38932881 1.00031641
v 18.96008294 -20.38932881 1.00031641
v 16.39506926 -20.38932881 1.00031641
v -23.99903092 -20.38932881 1.00031641
v 24.05663669 -20.32316002 1.00031641
v 19.09164207 -20.32316002 1.00031641
v 16.26351014 -20.32316002 1.00031641
v -24.05663669 -20.32316002 1.00031641
v 24.11891320 -20.25076358 1.00031641
v 19.22008737 -20.25076358 1.00031641
v 16.13506484 -20.25076358 1.00031641
v -24.11891320 -20.25076358 1.00031641
v 24.18741736 -20.17213949 1.00031641
v 19.34464038 -20.17213949 1.00031641
v 16.01129028 -20.17213949 1.00031641
v -24.18741736 -20.17213949 1.00031641
v 24.25981380 -20.08728774 1.00031641
v 19.46452266 -20.08728774 1.00031641
v 15.89062954 -20.08728774 1.00031641
v -24.25981380 -20.08728774 1.00031641
v 24.33843789 -19.99698681 1.00031641
v 19.58051266 -19.99698681 1.00031641
v 15.77463955 -19.99698681 1.00031641
v -24.33843789 -19.99698681 1.00031641
v 22.47559184 -19.95572862 1.00031641
v 24.35011474 -19.98375305 1.00031641
v 24.41472661 -19.90045822 1.00031641
v 19.69261037 -19.90045822 1.00031641
v -8.33337526 -19.95572862 1.00031641
v 15.66332029 -19.90045822 1.00031641
v -24.41472661 -19.90045822 1.00031641
v -24.35011474 -19.98375305 1.00031641
v 24.49335070 -19.79925889 1.00031641
v 19.79925889 -19.79925889 1.00031641
v 15.55667177 -19.79925889 1.00031641
v -24.49335070 -19.79925889 1.00031641
v 24.57664553 -19.69261037 1.00031641
v 19.90045822 -19.69261037 1.00031641
v 15.45469398 -19.69261037 1.00031641
v -24.57664553 -19.69261037 1.00031641
v 24.66383265 -19.58051266 1.00031641
v 19.99698681 -19.58051266 1.00031641
v 15.35894385 -19.58051266 1.00031641
v -24.66383265 -19.58051266 1.00031641
v 24.75491204 -19.46452266 1.00031641
v 20.08728774 -19.46452266 1.00031641
v 15.26786446 -19.46452266 1.00031641
v -24.75491204 -19.46452266 1.00031641
v 24.84832680 -19.34464038 1.00031641
v 20.17213949 -19.34464038 1.00031641
v 15.18301272 -19.34464038 1.00031641
v -24.84832680 -19.34464038 1.00031641
v 24.94563385 -19.22008737 1.00031641
v 20.25076358 -19.22008737 1.00031641
v 15.10438863 -19.22008737 1.00031641
v -24.94563385 -19.22008737 1.00031641
v 25.04527626 -19.09164207 1.00031641
v 20.32316002 -19.09164207 1.00031641
v 15.03199218 -19.09164207 1.00031641
v -25.04527626 -19.09164207 1.00031641
v 25.14803250 -18.96008294 1.00031641
v 20.38932881 -18.96008294 1.00031641
v 14.96582339 -18.96008294 1.00031641
v -25.14803250 -18.96008294 1.00031641
v 25.25312411 -18.82541000 1.00031641
v 20.44926995 -18.82541000 1.00031641
v 14.90588226 -18.82541000 1.00031641
v -25.25312411 -18.82541000 1.00031641
v 23.37237356 -18.75846275 1.00031641
v 25.30138840 -18.76469040 1.00031641
v 25.35432343 -18.68840168 1.00031641
v 20.50220498 -18.68840168 1.00031641
v -9.23015698 -18.75846275 1.00031641
v 14.85294722 -18.68840168 1.00031641
v -25.35432343 -18.68840168 1.00031641
v -25.30138840 -18.76469040 1.00031641
v 25.45318739 -18.54827953 1.00031641
v 20.54813391 -18.54827953 1.00031641
v 14.80701830 -18.54827953 1.00031641
v -25.45318739 -18.54827953 1.00031641
v 25.55282980 -18.40660048 1.00031641
v 20.58783518 -18.40660048 1.00031641
v 14.76731702 -18.40660048 1.00031641
v -25.55282980 -18.40660048 1.00031641
v 25.65402913 -18.26258605 1.00031641
v 20.61975189 -18.26258605 1.00031641
v 14.73540031 -18.26258605 1.00031641
v -25.65402913 -18.26258605 1.00031641
v 25.75678537 -18.11779317 1.00031641
v 20.64544095 -18.11779317 1.00031641
v 14.71048971 -18.11779317 1.00031641
v -25.75678537 -18.11779317 1.00031641
v 25.85954160 -17.97144338 1.00031641
v 20.66334545 -17.97144338 1.00031641
v 14.69180676 -17.97144338 1.00031641
v -25.85954160 -17.97144338 1.00031641
v 25.96307630 -17.82509358 1.00031641
v 20.67424383 -17.82509358 1.00031641
v 14.68090837 -17.82509358 1.00031641
v -25.96307630 -17.82509358 1.00031641
v 26.06661099 -17.67796533 1.00031641
v 20.67735766 -17.67796533 1.00031641
v 14.67779454 -17.67796533 1.00031641
v -26.06661099 -17.67796533 1.00031641
v 26.17014569 -17.53083708 1.00031641
v 20.67424383 -17.53083708 1.00031641
v 14.68090837 -17.53083708 1.00031641
v -26.17014569 -17.53083708 1.00031641
v 23.99280327 -17.46622520 1.00031641
v 26.19116401 -17.50047728 1.00031641
v 26.26511736 -17.38370883 1.00031641
v 20.66334545 -17.38370883 1.00031641
v -9.85058670 -17.46622520 1.00031641
v 14.69180676 -17.38370883 1.00031641
v -26.26511736 -17.38370883 1.00031641
v -26.19116401 -17.50047728 1.00031641
v 26.35775367 -17.23735903 1.00031641
v 20.64544095 -17.23735903 1.00031641
v 14.71048971 -17.23735903 1.00031641
v -26.35775367 -17.23735903 1.00031641
v 26.44961152 -17.09256615 1.00031641
v 20.61975189 -17.09256615 1.00031641
v 14.73540031 -17.09256615 1.00031641
v -26.44961152 -17.09256615 1.00031641
v 26.54069091 -16.94855173 1.00031641
v 20.58783518 -16.94855173 1.00031641
v 14.76731702 -16.94855173 1.00031641
v -26.54069091 -16.94855173 1.00031641
v 26.63021339 -16.80687267 1.00031641
v 20.54813391 -16.80687267 1.00031641
v 14.80701830 -16.80687267 1.00031641
v -26.63021339 -16.80687267 1.00031641
v 26.71895742 -16.66675053 1.00031641
v 20.50220498 -16.66675053 1.00031641
v 14.85294722 -16.66675053 1.00031641
v -26.71895742 -16.66675053 1.00031641
v 26.80614453 -16.52974221 1.00031641
v 20.44926995 -16.52974221 1.00031641
v 14.90588226 -16.52974221 1.00031641
v -26.80614453 -16.52974221 1.00031641
v 26.89099627 -16.39506926 1.00031641
v 20.38932881 -16.39506926 1.00031641
v 14.96582339 -16.39506926 1.00031641
v -26.89099627 -16.39506926 1.00031641
v 26.97429110 -16.26351014 1.00031641
v 20.32316002 -16.26351014 1.00031641
v 15.03199218 -16.26351014 1.00031641
v -26.97429110 -16.26351014 1.00031641
v 24.32364722 -16.19811980 1.00031641
v 27.01866312 -16.19422752 1.00031641
v 27.05213674 -16.13506484 1.00031641
v 20.25076358 -16.13506484 1.00031641
v -10.18143065 -16.19811980 1.00031641
v 15.10438863 -16.13506484 1.00031641
v -27.05213674 -16.13506484 1.00031641
v -27.01866312 -16.19422752 1.00031641
v 27.12219781 -16.01129028 1.00031641
v 20.17213949 -16.01129028 1.00031641
v 15.18301272 -16.01129028 1.00031641
v -27.12219781 -16.01129028 1.00031641
v 27.19070197 -15.89062954 1.00031641
v 20.08728774 -15.89062954 1.00031641
v 15.26786446 -15.89062954 1.00031641
v -27.19070197 -15.89062954 1.00031641
v 27.25609230 -15.77463955 1.00031641
v 19.99698681 -15.77463955 1.00031641
v 15.35894385 -15.77463955 1.00031641
v -27.25609230 -15.77463955 1.00031641
v -4.75714678 -15.75984888 1.00031641
v 15.37996217 -15.74972894 1.00031641
v 0.00000000 -15.74972894 1.00031641
v -27.27010452 -15.74972894 1.00031641
v 15.39630976 -15.73104599 1.00031641
v 0.77300716 -15.73104599 1.00031641
v -0.77300716 -15.73104599 1.00031641
v -27.28100291 -15.73104599 1.00031641
v 15.44535251 -15.67421868 1.00031641
v 1.54367895 -15.67421868 1.00031641
v -1.54367895 -15.67421868 1.00031641
v -27.31291962 -15.67421868 1.00031641
v 27.31914727 -15.66332029 1.00031641
v 19.90045822 -15.66332029 1.00031641
v 15.45469398 -15.66332029 1.00031641
v 1.63397989 -15.66332029 1.00031641
v 15.53409653 -15.57924700 1.00031641
v 2.31123691 -15.57924700 1.00031641
v -2.31123691 -15.57924700 1.00031641
v -27.36663311 -15.57924700 1.00031641
v 27.37986686 -15.55667177 1.00031641
v 19.79925889 -15.55667177 1.00031641
v 15.55667177 -15.55667177 1.00031641
v 2.44435295 -15.55667177 1.00031641
v 27.43747263 -15.45469398 1.00031641
v 19.69261037 -15.45469398 1.00031641
v 15.66332029 -15.45469398 1.00031641
v 3.02975213 -15.45469398 1.00031641
v 15.67188331 -15.44768788 1.00031641
v 3.07256723 -15.44768788 1.00031641
v -3.07256723 -15.44768788 1.00031641
v -27.44136491 -15.44768788 1.00031641
v 27.49196458 -15.35894385 1.00031641
v 19.58051266 -15.35894385 1.00031641
v 15.77463955 -15.35894385 1.00031641
v 3.46802305 -15.35894385 1.00031641
v 15.87817424 -15.27798439 1.00031641
v 3.82689143 -15.27798439 1.00031641
v -3.82689143 -15.27798439 1.00031641
v -27.53711505 -15.27798439 1.00031641
v 27.54334270 -15.26786446 1.00031641
v 19.46452266 -15.26786446 1.00031641
v 15.89062954 -15.26786446 1.00031641
v 3.86270043 -15.26786446 1.00031641
v 27.59082853 -15.18301272 1.00031641
v 19.34464038 -15.18301272 1.00031641
v 16.01129028 -15.18301272 1.00031641
v 4.16941223 -15.18301272 1.00031641
v 27.63597900 -15.10438863 1.00031641
v 19.22008737 -15.10438863 1.00031641
v 16.13506484 -15.10438863 1.00031641
v 4.45354880 -15.10438863 1.00031641
v 16.19267061 -15.07169346 1.00031641
v 4.57187416 -15.07169346 1.00031641
v -4.57187416 -15.07169346 1.00031641
v -27.65466196 -15.07169346 1.00031641
v 27.67723719 -15.03199218 1.00031641
v 19.09164207 -15.03199218 1.00031641
v 16.26351014 -15.03199218 1.00031641
v 4.69253490 -15.03199218 1.00031641
v 27.71460310 -14.96582339 1.00031641
v 18.96008294 -14.96582339 1.00031641
v 16.39506926 -14.96582339 1.00031641
v 4.89337664 -14.96582339 1.00031641
v 27.74807672 -14.90588226 1.00031641
v 18.82541000 -14.90588226 1.00031641
v 16.52974221 -14.90588226 1.00031641
v 5.07397851 -14.90588226 1.00031641
v 27.77843652 -14.85294722 1.00031641
v 18.68840168 -14.85294722 1.00031641
v 16.66675053 -14.85294722 1.00031641
v 5.23434052 -14.85294722 1.00031641
v 16.73914697 -14.82959353 1.00031641
v 5.30595851 -14.82959353 1.00031641
v -18.62067597 -14.93001440 1.00031641
v -5.30595851 -14.82959353 1.00031641
v -27.79011336 -14.82959353 1.00031641
v -27.78077189 -14.84905494 1.00031641
v 24.11969165 -14.83348581 1.00031641
v 27.78077189 -14.84905494 1.00031641
v 27.80179021 -14.80701830 1.00031641
v 18.54827953 -14.80701830 1.00031641
v 16.80687267 -14.80701830 1.00031641
v 5.36434273 -14.80701830 1.00031641
v 27.82125162 -14.76731702 1.00031641
v 18.40660048 -14.76731702 1.00031641
v 16.94855173 -14.76731702 1.00031641
v 5.46632051 -14.76731702 1.00031641
v 27.83759920 -14.73540031 1.00031641
v 18.26258605 -14.73540031 1.00031641
v 17.09256615 -14.73540031 1.00031641
v 5.54961534 -14.73540031 1.00031641
v 27.85005450 -14.71048971 1.00031641
v 18.11779317 -14.71048971 1.00031641
v 17.23735903 -14.71048971 1.00031641
v 5.61500568 -14.71048971 1.00031641
v 27.85939598 -14.69180676 1.00031641
v 17.97144338 -14.69180676 1.00031641
v 17.38370883 -14.69180676 1.00031641
v 5.66171306 -14.69180676 1.00031641
v 27.86484517 -14.68090837 1.00031641
v 17.82509358 -14.68090837 1.00031641
v 17.53083708 -14.68090837 1.00031641
v 5.68973749 -14.68090837 1.00031641
v 27.86640208 -14.67779454 1.00031641
v 17.67796533 -14.67779454 1.00031641
v 5.69907896 -14.67779454 1.00031641
v 17.04040958 -14.62719488 1.00031641
v 27.93023550 -14.55090616 1.00031641
v 6.02758754 -14.55090616 1.00031641
v -6.02758754 -14.55090616 1.00031641
v -27.93023550 -14.55090616 1.00031641
v 28.08826214 -14.23796670 1.00031641
v 6.73364746 -14.23796670 1.00031641
v -6.73364746 -14.23796670 1.00031641
v -28.08826214 -14.23796670 1.00031641
v 28.26341482 -13.88999671 1.00031641
v 7.42413824 -13.88999671 1.00031641
v -7.42413824 -13.88999671 1.00031641
v -28.26341482 -13.88999671 1.00031641
v 28.45491509 -13.50933156 1.00031641
v 8.09750299 -13.50933156 1.00031641
v -8.09750299 -13.50933156 1.00031641
v -28.45491509 -13.50933156 1.00031641
v 20.48352203 -13.33573579 1.00031641
v 28.47593341 -13.46807337 1.00031641
v 28.64096616 -13.09597123 1.00031641
v 8.74984941 -13.09597123 1.00031641
v -20.48352203 -13.33573579 1.00031641
v -8.74984941 -13.09597123 1.00031641
v -28.64096616 -13.09597123 1.00031641
v -28.47593341 -13.46807337 1.00031641
v 28.83791561 -12.65069420 1.00031641
v 9.38195597 -12.65069420 1.00031641
v -9.38195597 -12.65069420 1.00031641
v -28.83791561 -12.65069420 1.00031641
v 29.04887728 -12.17505737 1.00031641
v 9.99148730 -12.17505737 1.00031641
v -9.99148730 -12.17505737 1.00031641
v -29.04887728 -12.17505737 1.00031641
v 21.59437924 -11.94852657 1.00031641
v 29.10259077 -12.05439663 1.00031641
v 29.25049748 -11.66983919 1.00031641
v 10.57688647 -11.66983919 1.00031641
v -21.59437924 -11.94852657 1.00031641
v -10.57688647 -11.66983919 1.00031641
v -29.25049748 -11.66983919 1.00031641
v -29.10259077 -12.05439663 1.00031641
v 29.45600996 -11.13659659 1.00031641
v 11.13659659 -11.13659659 1.00031641
v -11.13659659 -11.13659659 1.00031641
v -29.45600996 -11.13659659 1.00031641
v 22.31834365 -10.80808801 1.00031641
v 29.65840861 -10.61191701 1.00031641
v 29.67008545 -10.57688647 1.00031641
v 11.66983919 -10.57688647 1.00031641
v -22.31834365 -10.80808801 1.00031641
v -11.66983919 -10.57688647 1.00031641
v -29.67008545 -10.57688647 1.00031641
v -29.65840861 -10.61191701 1.00031641
v 29.86392109 -9.99148730 1.00031641
v 12.17505737 -9.99148730 1.00031641
v -12.17505737 -9.99148730 1.00031641
v -29.86392109 -9.99148730 1.00031641
v 30.06476283 -9.38195597 1.00031641
v 12.65069420 -9.38195597 1.00031641
v -12.65069420 -9.38195597 1.00031641
v -30.06476283 -9.38195597 1.00031641
v 23.24159289 -9.08147182 1.00031641
v 30.14338692 -9.14374833 1.00031641
v 30.25237081 -8.74984941 1.00031641
v 13.09597123 -8.74984941 1.00031641
v -23.24159289 -9.08147182 1.00031641
v -13.09597123 -8.74984941 1.00031641
v -30.25237081 -8.74984941 1.00031641
v -30.14338692 -9.14374833 1.00031641
v 30.43297268 -8.09750299 1.00031641
v 13.50933156 -8.09750299 1.00031641
v -13.50933156 -8.09750299 1.00031641
v -30.43297268 -8.09750299 1.00031641
v 23.79896764 -7.73941307 1.00031641
v 30.55596879 -7.65378287 1.00031641
v 30.60734690 -7.42413824 1.00031641
v 13.88999671 -7.42413824 1.00031641
v -23.79896764 -7.73941307 1.00031641
v -13.88999671 -7.42413824 1.00031641
v -30.60734690 -7.42413824 1.00031641
v -30.55596879 -7.65378287 1.00031641
v 30.76225972 -6.73364746 1.00031641
v 14.23796670 -6.73364746 1.00031641
v -14.23796670 -6.73364746 1.00031641
v -30.76225972 -6.73364746 1.00031641
v 24.27226910 -6.33352089 1.00031641
v 30.89459730 -6.14513445 1.00031641
v 30.91483716 -6.02758754 1.00031641
v 14.55090616 -6.02758754 1.00031641
v -24.27226910 -6.33352089 1.00031641
v -14.55090616 -6.02758754 1.00031641
v -30.91483716 -6.02758754 1.00031641
v -30.89459730 -6.14513445 1.00031641
v 31.04016864 -5.30595851 1.00031641
v 14.82959353 -5.30595851 1.00031641
v -14.82959353 -5.30595851 1.00031641
v -31.04016864 -5.30595851 1.00031641
v 24.65293426 -4.87547214 1.00031641
v 31.15927246 -4.62169537 1.00031641
v 31.16550011 -4.57187416 1.00031641
v 15.07169346 -4.57187416 1.00031641
v -24.65293426 -4.87547214 1.00031641
v -15.07169346 -4.57187416 1.00031641
v -31.16550011 -4.57187416 1.00031641
v -31.15927246 -4.62169537 1.00031641
v 31.25735796 -3.82689143 1.00031641
v 15.27798439 -3.82689143 1.00031641
v -15.27798439 -3.82689143 1.00031641
v -31.25735796 -3.82689143 1.00031641
v 23.65417476 -3.48047836 1.00031641
v 31.32819749 -3.25005528 1.00031641
v 25.00012579 -3.25005528 1.00031641
v 15.40720815 -3.25005528 1.00031641
v -23.65417476 -3.48047836 1.00031641
v -15.40720815 -3.25005528 1.00031641
v -25.00012579 -3.25005528 1.00031641
v -31.32819749 -3.25005528 1.00031641
v 31.32897594 -3.24616299 1.00031641
v 25.15970934 -3.24616299 1.00031641
v 24.84054224 -3.24616299 1.00031641
v 15.40876506 -3.24616299 1.00031641
v -15.40876506 -3.24616299 1.00031641
v -24.84054224 -3.24616299 1.00031641
v -25.15970934 -3.24616299 1.00031641
v -31.32897594 -3.24616299 1.00031641
v 31.33053286 -3.23448615 1.00031641
v 25.31851444 -3.23448615 1.00031641
v 24.68173714 -3.23448615 1.00031641
v 15.41110043 -3.23448615 1.00031641
v -15.41110043 -3.23448615 1.00031641
v -24.68173714 -3.23448615 1.00031641
v -25.31851444 -3.23448615 1.00031641
v -31.33053286 -3.23448615 1.00031641
v 31.33286823 -3.21502474 1.00031641
v 25.47654108 -3.21502474 1.00031641
v 24.52293205 -3.21502474 1.00031641
v 15.41577117 -3.21502474 1.00031641
v -15.41577117 -3.21502474 1.00031641
v -24.52293205 -3.21502474 1.00031641
v -25.47654108 -3.21502474 1.00031641
v -31.33286823 -3.21502474 1.00031641
v 31.33598205 -3.18777877 1.00031641
v 25.63378926 -3.18777877 1.00031641
v 24.36568386 -3.18777877 1.00031641
v 15.42122036 -3.18777877 1.00031641
v -15.42122036 -3.18777877 1.00031641
v -24.36568386 -3.18777877 1.00031641
v -25.63378926 -3.18777877 1.00031641
v -31.33598205 -3.18777877 1.00031641
v 31.34065279 -3.15274823 1.00031641
v 25.78948053 -3.15274823 1.00031641
v 24.20999259 -3.15274823 1.00031641
v 15.42978338 -3.15274823 1.00031641
v -15.42978338 -3.15274823 1.00031641
v -24.20999259 -3.15274823 1.00031641
v -25.78948053 -3.15274823 1.00031641
v -31.34065279 -3.15274823 1.00031641
v 31.34532353 -3.10993313 1.00031641
v 25.94361489 -3.10993313 1.00031641
v 24.05663669 -3.10993313 1.00031641
v 15.43912486 -3.10993313 1.00031641
v -15.43912486 -3.10993313 1.00031641
v -24.05663669 -3.10993313 1.00031641
v -25.94361489 -3.10993313 1.00031641
v -31.34532353 -3.10993313 1.00031641
v 23.94376052 -3.07256723 1.00031641
v 15.44768788 -3.07256723 1.00031641
v -15.44768788 -3.07256723 1.00031641
v -23.94376052 -3.07256723 1.00031641
v 29.21624540 -3.08580099 1.00031641
v 31.34843735 -3.08735790 1.00031641
v 31.34999427 -3.06011193 1.00031641
v 26.09463542 -3.06011193 1.00031641
v 23.90483770 -3.06011193 1.00031641
v 15.44924479 -3.06011193 1.00031641
v -15.44924479 -3.06011193 1.00031641
v -23.90483770 -3.06011193 1.00031641
v -29.21624540 -3.08580099 1.00031641
v -26.09463542 -3.06011193 1.00031641
v -31.34999427 -3.06011193 1.00031641
v -31.34843735 -3.08735790 1.00031641
v 31.35466500 -3.00250616 1.00031641
v 26.24409904 -3.00250616 1.00031641
v 23.75615254 -3.00250616 1.00031641
v 15.45936472 -3.00250616 1.00031641
v -15.45936472 -3.00250616 1.00031641
v -23.75615254 -3.00250616 1.00031641
v -26.24409904 -3.00250616 1.00031641
v -31.35466500 -3.00250616 1.00031641
v 31.35933574 -2.93789428 1.00031641
v 26.38967038 -2.93789428 1.00031641
v 23.61058120 -2.93789428 1.00031641
v 15.47104157 -2.93789428 1.00031641
v -15.47104157 -2.93789428 1.00031641
v -23.61058120 -2.93789428 1.00031641
v -26.38967038 -2.93789428 1.00031641
v -31.35933574 -2.93789428 1.00031641
v 31.36478494 -2.86627629 1.00031641
v 26.53212789 -2.86627629 1.00031641
v 23.46812369 -2.86627629 1.00031641
v 15.48349687 -2.86627629 1.00031641
v -15.48349687 -2.86627629 1.00031641
v -23.46812369 -2.86627629 1.00031641
v -26.53212789 -2.86627629 1.00031641
v -31.36478494 -2.86627629 1.00031641
v 31.37023413 -2.78765220 1.00031641
v 26.67069313 -2.78765220 1.00031641
v 23.32878000 -2.78765220 1.00031641
v 15.49673063 -2.78765220 1.00031641
v -15.49673063 -2.78765220 1.00031641
v -23.32878000 -2.78765220 1.00031641
v -26.67069313 -2.78765220 1.00031641
v -31.37023413 -2.78765220 1.00031641
v 31.37646178 -2.70202200 1.00031641
v 26.80536607 -2.70202200 1.00031641
v 23.19410705 -2.70202200 1.00031641
v 15.51152130 -2.70202200 1.00031641
v -15.51152130 -2.70202200 1.00031641
v -23.19410705 -2.70202200 1.00031641
v -26.80536607 -2.70202200 1.00031641
v -31.37646178 -2.70202200 1.00031641
v 31.38346789 -2.61016415 1.00031641
v 26.93614674 -2.61016415 1.00031641
v 23.06410484 -2.61016415 1.00031641
v 15.52786888 -2.61016415 1.00031641
v -15.52786888 -2.61016415 1.00031641
v -23.06410484 -2.61016415 1.00031641
v -26.93614674 -2.61016415 1.00031641
v -31.38346789 -2.61016415 1.00031641
v 31.39047400 -2.51207865 1.00031641
v 27.06147821 -2.51207865 1.00031641
v 22.93799491 -2.51207865 1.00031641
v 15.54421647 -2.51207865 1.00031641
v -15.54421647 -2.51207865 1.00031641
v -22.93799491 -2.51207865 1.00031641
v -27.06147821 -2.51207865 1.00031641
v -31.39047400 -2.51207865 1.00031641
v 31.39825856 -2.40776550 1.00031641
v 27.18291741 -2.40776550 1.00031641
v 22.81733418 -2.40776550 1.00031641
v 15.56289942 -2.40776550 1.00031641
v -15.56289942 -2.40776550 1.00031641
v -22.81733418 -2.40776550 1.00031641
v -27.18291741 -2.40776550 1.00031641
v -31.39825856 -2.40776550 1.00031641
v 22.71535639 -2.31123691 1.00031641
v 15.57924700 -2.31123691 1.00031641
v -15.57924700 -2.31123691 1.00031641
v -22.71535639 -2.31123691 1.00031641
v 31.40682158 -2.29800316 1.00031641
v 27.29812895 -2.29800316 1.00031641
v 22.70212264 -2.29800316 1.00031641
v 15.58080391 -2.29800316 1.00031641
v -15.58080391 -2.29800316 1.00031641
v -22.70212264 -2.29800316 1.00031641
v -27.29812895 -2.29800316 1.00031641
v -31.40682158 -2.29800316 1.00031641
v 31.41538460 -2.18279162 1.00031641
v 27.40789129 -2.18279162 1.00031641
v 22.59158183 -2.18279162 1.00031641
v 15.59559458 -2.18279162 1.00031641
v -15.59559458 -2.18279162 1.00031641
v -22.59158183 -2.18279162 1.00031641
v -27.40789129 -2.18279162 1.00031641
v -31.41538460 -2.18279162 1.00031641
v 31.42394762 -2.06213088 1.00031641
v 27.51220444 -2.06213088 1.00031641
v 22.48804714 -2.06213088 1.00031641
v 15.61038526 -2.06213088 1.00031641
v -15.61038526 -2.06213088 1.00031641
v -22.48804714 -2.06213088 1.00031641
v -27.51220444 -2.06213088 1.00031641
v -31.42394762 -2.06213088 1.00031641
v 31.43328910 -1.93602095 1.00031641
v 27.61028994 -1.93602095 1.00031641
v 22.38996164 -1.93602095 1.00031641
v 15.62595438 -1.93602095 1.00031641
v -15.62595438 -1.93602095 1.00031641
v -22.38996164 -1.93602095 1.00031641
v -27.61028994 -1.93602095 1.00031641
v -31.43328910 -1.93602095 1.00031641
v 31.44263057 -1.80524028 1.00031641
v 27.70214779 -1.80524028 1.00031641
v 22.29810379 -1.80524028 1.00031641
v 15.64152351 -1.80524028 1.00031641
v -15.64152351 -1.80524028 1.00031641
v -22.29810379 -1.80524028 1.00031641
v -27.70214779 -1.80524028 1.00031641
v -31.44263057 -1.80524028 1.00031641
v 31.45275050 -1.67056733 1.00031641
v 27.78777799 -1.67056733 1.00031641
v 22.21247359 -1.67056733 1.00031641
v 15.65864955 -1.67056733 1.00031641
v -15.65864955 -1.67056733 1.00031641
v -22.21247359 -1.67056733 1.00031641
v -27.78777799 -1.67056733 1.00031641
v -31.45275050 -1.67056733 1.00031641
v 22.14007715 -1.54367895 1.00031641
v 15.67421868 -1.54367895 1.00031641
v -15.67421868 -1.54367895 1.00031641
v -22.14007715 -1.54367895 1.00031641
v 30.00637860 -1.59038633 1.00031641
v 31.46209198 -1.54601432 1.00031641
v 31.46209198 -1.53200210 1.00031641
v 27.86640208 -1.53200210 1.00031641
v 22.13384950 -1.53200210 1.00031641
v 15.67499713 -1.53200210 1.00031641
v -15.67499713 -1.53200210 1.00031641
v -22.13384950 -1.53200210 1.00031641
v -30.00637860 -1.59038633 1.00031641
v -27.86640208 -1.53200210 1.00031641
v -31.46209198 -1.53200210 1.00031641
v -31.46209198 -1.54601432 1.00031641
v 31.46598426 -1.38954459 1.00031641
v 27.93802007 -1.38954459 1.00031641
v 22.06223151 -1.38954459 1.00031641
v 15.68589552 -1.38954459 1.00031641
v -15.68589552 -1.38954459 1.00031641
v -22.06223151 -1.38954459 1.00031641
v -27.93802007 -1.38954459 1.00031641
v -31.46598426 -1.38954459 1.00031641
v 31.46909809 -1.24397325 1.00031641
v 28.00263195 -1.24397325 1.00031641
v 21.99761964 -1.24397325 1.00031641
v 15.69601545 -1.24397325 1.00031641
v -15.69601545 -1.24397325 1.00031641
v -21.99761964 -1.24397325 1.00031641
v -28.00263195 -1.24397325 1.00031641
v -31.46909809 -1.24397325 1.00031641
v 31.47299037 -1.09450963 1.00031641
v 28.06023772 -1.09450963 1.00031641
v 21.94001387 -1.09450963 1.00031641
v 15.70691384 -1.09450963 1.00031641
v -15.70691384 -1.09450963 1.00031641
v -21.94001387 -1.09450963 1.00031641
v -28.06023772 -1.09450963 1.00031641
v -31.47299037 -1.09450963 1.00031641
v 31.47688265 -0.94348910 1.00031641
v 28.11005892 -0.94348910 1.00031641
v 21.89019266 -0.94348910 1.00031641
v 15.71859069 -0.94348910 1.00031641
v -15.71859069 -0.94348910 1.00031641
v -21.89019266 -0.94348910 1.00031641
v -28.11005892 -0.94348910 1.00031641
v -31.47688265 -0.94348910 1.00031641
v 31.48077493 -0.78935474 1.00031641
v 28.15287402 -0.78935474 1.00031641
v 21.84737756 -0.78935474 1.00031641
v 15.72948908 -0.78935474 1.00031641
v -15.72948908 -0.78935474 1.00031641
v -21.84737756 -0.78935474 1.00031641
v -28.15287402 -0.78935474 1.00031641
v -31.48077493 -0.78935474 1.00031641
v 21.84348528 -0.77300716 1.00031641
v 15.73104599 -0.77300716 1.00031641
v -15.73104599 -0.77300716 1.00031641
v -21.84348528 -0.77300716 1.00031641
v 31.48466721 -0.63366347 1.00031641
v 28.18790456 -0.63366347 1.00031641
v 21.81234702 -0.63366347 1.00031641
v 15.73415982 -0.63366347 1.00031641
v -15.73415982 -0.63366347 1.00031641
v -21.81234702 -0.63366347 1.00031641
v -28.18790456 -0.63366347 1.00031641
v -31.48466721 -0.63366347 1.00031641
v 31.48855950 -0.47719374 1.00031641
v 28.21515053 -0.47719374 1.00031641
v 21.78510105 -0.47719374 1.00031641
v 15.73805210 -0.47719374 1.00031641
v -15.73805210 -0.47719374 1.00031641
v -21.78510105 -0.47719374 1.00031641
v -28.21515053 -0.47719374 1.00031641
v -31.48855950 -0.47719374 1.00031641
v 31.49245178 -0.31838865 1.00031641
v 28.23461194 -0.31838865 1.00031641
v 21.76563964 -0.31838865 1.00031641
v 15.74194438 -0.31838865 1.00031641
v -15.74194438 -0.31838865 1.00031641
v -21.76563964 -0.31838865 1.00031641
v -28.23461194 -0.31838865 1.00031641
v -31.49245178 -0.31838865 1.00031641
v 31.49634406 -0.15958355 1.00031641
v 28.24628878 -0.15958355 1.00031641
v 21.75396280 -0.15958355 1.00031641
v 15.74583666 -0.15958355 1.00031641
v -15.74583666 -0.15958355 1.00031641
v -21.75396280 -0.15958355 1.00031641
v -28.24628878 -0.15958355 1.00031641
v -31.49634406 -0.15958355 1.00031641
v 28.25018107 0.00000000 1.00031641
v 21.75007052 0.00000000 1.00031641
v 15.74972894 0.00000000 1.00031641
v -15.74972894 0.00000000 1.00031641
v -21.75007052 0.00000000 1.00031641
v -28.25018107 0.00000000 1.00031641
v -31.50023634 0.00000000 1.00031641
v 31.49634406 0.15958355 1.00031641
v 28.24628878 0.15958355 1.00031641
v 21.75396280 0.15958355 1.00031641
v 15.74583666 0.15958355 1.00031641
v -15.74583666 0.15958355 1.00031641
v -21.75396280 0.15958355 1.00031641
v -28.24628878 0.15958355 1.00031641
v -31.49634406 0.15958355 1.00031641
v 31.49245178 0.31838865 1.00031641
v 28.23461194 0.31838865 1.00031641
v 21.76563964 0.31838865 1.00031641
v 15.74194438 0.31838865 1.00031641
v -15.74194438 0.31838865 1.00031641
v -21.76563964 0.31838865 1.00031641
v -28.23461194 0.31838865 1.00031641
v -31.49245178 0.31838865 1.00031641
v 31.48855950 0.47719374 1.00031641
v 28.21515053 0.47719374 1.00031641
v 21.78510105 0.47719374 1.00031641
v 15.73805210 0.47719374 1.00031641
v -15.73805210 0.47719374 1.00031641
v -21.78510105 0.47719374 1.00031641
v -28.21515053 0.47719374 1.00031641
v -31.48855950 0.47719374 1.00031641
v 31.48466721 0.63366347 1.00031641
v 28.18790456 0.63366347 1.00031641
v 21.81234702 0.63366347 1.00031641
v 15.73415982 0.63366347 1.00031641
v -15.73415982 0.63366347 1.00031641
v -21.81234702 0.63366347 1.00031641
v -28.18790456 0.63366347 1.00031641
v -31.48466721 0.63366347 1.00031641
v 21.84348528 0.77300716 1.00031641
v 15.73104599 0.77300716 1.00031641
v -15.73104599 0.77300716 1.00031641
v -21.84348528 0.77300716 1.00031641
v 31.48077493 0.78935474 1.00031641
v 28.15287402 0.78935474 1.00031641
v 21.84737756 0.78935474 1.00031641
v 15.72948908 0.78935474 1.00031641
v -15.72948908 0.78935474 1.00031641
v -21.84737756 0.78935474 1.00031641
v -28.15287402 0.78935474 1.00031641
v -31.48077493 0.78935474 1.00031641
v 31.47688265 0.94348910 1.00031641
v 28.11005892 0.94348910 1.00031641
v 21.89019266 0.94348910 1.00031641
v 15.71859069 0.94348910 1.00031641
v -15.71859069 0.94348910 1.00031641
v -21.89019266 0.94348910 1.00031641
v -28.11005892 0.94348910 1.00031641
v -31.47688265 0.94348910 1.00031641
v 31.47299037 1.09450963 1.00031641
v 28.06023772 1.09450963 1.00031641
v 21.94001387 1.09450963 1.00031641
v 15.70691384 1.09450963 1.00031641
v -15.70691384 1.09450963 1.00031641
v -21.94001387 1.09450963 1.00031641
v -28.06023772 1.09450963 1.00031641
v -31.47299037 1.09450963 1.00031641
v 31.46909809 1.24397325 1.00031641
v 28.00263195 1.24397325 1.00031641
v 21.99761964 1.24397325 1.00031641
v 15.69601545 1.24397325 1.00031641
v -15.69601545 1.24397325 1.00031641
v -21.99761964 1.24397325 1.00031641
v -28.00263195 1.24397325 1.00031641
v -31.46909809 1.24397325 1.00031641
v 31.46598426 1.38954459 1.00031641
v 27.93802007 1.38954459 1.00031641
v 22.06223151 1.38954459 1.00031641
v 15.68589552 1.38954459 1.00031641
v -15.68589552 1.38954459 1.00031641
v -22.06223151 1.38954459 1.00031641
v -27.93802007 1.38954459 1.00031641
v -31.46598426 1.38954459 1.00031641
v 31.46209198 1.53200210 1.00031641
v 27.86640208 1.53200210 1.00031641
v 22.13384950 1.53200210 1.00031641
v 15.67499713 1.53200210 1.00031641
v -15.67499713 1.53200210 1.00031641
v -22.13384950 1.53200210 1.00031641
v -27.86640208 1.53200210 1.00031641
v -31.46209198 1.53200210 1.00031641
v 22.14007715 1.54367895 1.00031641
v 15.67421868 1.54367895 1.00031641
v -15.67421868 1.54367895 1.00031641
v -22.14007715 1.54367895 1.00031641
v 30.00637860 1.59038633 1.00031641
v 31.46209198 1.54601432 1.00031641
v 31.45275050 1.67056733 1.00031641
v 27.78777799 1.67056733 1.00031641
v 22.21247359 1.67056733 1.00031641
v 15.65864955 1.67056733 1.00031641
v -15.65864955 1.67056733 1.00031641
v -22.21247359 1.67056733 1.00031641
v -30.00637860 1.59038633 1.00031641
v -27.78777799 1.67056733 1.00031641
v -31.45275050 1.67056733 1.00031641
v -31.46209198 1.54601432 1.00031641
v 31.44263057 1.80524028 1.00031641
v 27.70214779 1.80524028 1.00031641
v 22.29810379 1.80524028 1.00031641
v 15.64152351 1.80524028 1.00031641
v -15.64152351 1.80524028 1.00031641
v -22.29810379 1.80524028 1.00031641
v -27.70214779 1.80524028 1.00031641
v -31.44263057 1.80524028 1.00031641
v 31.43328910 1.93602095 1.00031641
v 27.61028994 1.93602095 1.00031641
v 22.38996164 1.93602095 1.00031641
v 15.62595438 1.93602095 1.00031641
v -15.62595438 1.93602095 1.00031641
v -22.38996164 1.93602095 1.00031641
v -27.61028994 1.93602095 1.00031641
v -31.43328910 1.93602095 1.00031641
v 31.42394762 2.06213088 1.00031641
v 27.51220444 2.06213088 1.00031641
v 22.48804714 2.06213088 1.00031641
v 15.61038526 2.06213088 1.00031641
v -15.61038526 2.06213088 1.00031641
v -22.48804714 2.06213088 1.00031641
v -27.51220444 2.06213088 1.00031641
v -31.42394762 2.06213088 1.00031641
v 31.41538460 2.18279162 1.00031641
v 27.40789129 2.18279162 1.00031641
v 22.59158183 2.18279162 1.00031641
v 15.59559458 2.18279162 1.00031641
v -15.59559458 2.18279162 1.00031641
v -22.59158183 2.18279162 1.00031641
v -27.40789129 2.18279162 1.00031641
v -31.41538460 2.18279162 1.00031641
v 31.40682158 2.29800316 1.00031641
v 27.29812895 2.29800316 1.00031641
v 22.70212264 2.29800316 1.00031641
v 15.58080391 2.29800316 1.00031641
v -15.58080391 2.29800316 1.00031641
v -22.70212264 2.29800316 1.00031641
v -27.29812895 2.29800316 1.00031641
v -31.40682158 2.29800316 1.00031641
v 22.71535639 2.31123691 1.00031641
v 15.57924700 2.31123691 1.00031641
v -15.57924700 2.31123691 1.00031641
v -22.71535639 2.31123691 1.00031641
v 31.39825856 2.40776550 1.00031641
v 27.18291741 2.40776550 1.00031641
v 22.81733418 2.40776550 1.00031641
v 15.56289942 2.40776550 1.00031641
v -15.56289942 2.40776550 1.00031641
v -22.81733418 2.40776550 1.00031641
v -27.18291741 2.40776550 1.00031641
v -31.39825856 2.40776550 1.00031641
v 31.39047400 2.51207865 1.00031641
v 27.06147821 2.51207865 1.00031641
v 22.93799491 2.51207865 1.00031641
v 15.54421647 2.51207865 1.00031641
v -15.54421647 2.51207865 1.00031641
v -22.93799491 2.51207865 1.00031641
v -27.06147821 2.51207865 1.00031641
v -31.39047400 2.51207865 1.00031641
v 31.38346789 2.61016415 1.00031641
v 26.93614674 2.61016415 1.00031641
v 23.06410484 2.61016415 1.00031641
v 15.52786888 2.61016415 1.00031641
v -15.52786888 2.61016415 1.00031641
v -23.06410484 2.61016415 1.00031641
v -26.93614674 2.61016415 1.00031641
v -31.38346789 2.61016415 1.00031641
v 31.37646178 2.70202200 1.00031641
v 26.80536607 2.70202200 1.00031641
v 23.19410705 2.70202200 1.00031641
v 15.51152130 2.70202200 1.00031641
v -15.51152130 2.70202200 1.00031641
v -23.19410705 2.70202200 1.00031641
v -26.80536607 2.70202200 1.00031641
v -31.37646178 2.70202200 1.00031641
v 31.37023413 2.78765220 1.00031641
v 26.67069313 2.78765220 1.00031641
v 23.32878000 2.78765220 1.00031641
v 15.49673063 2.78765220 1.00031641
v -15.49673063 2.78765220 1.00031641
v -23.32878000 2.78765220 1.00031641
v -26.67069313 2.78765220 1.00031641
v -31.37023413 2.78765220 1.00031641
v 31.36478494 2.86627629 1.00031641
v 26.53212789 2.86627629 1.00031641
v 23.46812369 2.86627629 1.00031641
v 15.48349687 2.86627629 1.00031641
v -15.48349687 2.86627629 1.00031641
v -23.46812369 2.86627629 1.00031641
v -26.53212789 2.86627629 1.00031641
v -31.36478494 2.86627629 1.00031641
v 31.35933574 2.93789428 1.00031641
v 26.38967038 2.93789428 1.00031641
v 23.61058120 2.93789428 1.00031641
v 15.47104157 2.93789428 1.00031641
v -15.47104157 2.93789428 1.00031641
v -23.61058120 2.93789428 1.00031641
v -26.38967038 2.93789428 1.00031641
v -31.35933574 2.93789428 1.00031641
v 31.35466500 3.00250616 1.00031641
v 26.24409904 3.00250616 1.00031641
v 23.75615254 3.00250616 1.00031641
v 15.45936472 3.00250616 1.00031641
v -15.45936472 3.00250616 1.00031641
v -23.75615254 3.00250616 1.00031641
v -26.24409904 3.00250616 1.00031641
v -31.35466500 3.00250616 1.00031641
v 31.34999427 3.06011193 1.00031641
v 26.09463542 3.06011193 1.00031641
v 23.90483770 3.06011193 1.00031641
v 15.44924479 3.06011193 1.00031641
v -15.44924479 3.06011193 1.00031641
v -23.90483770 3.06011193 1.00031641
v -26.09463542 3.06011193 1.00031641
v -31.34999427 3.06011193 1.00031641
v 23.94376052 3.07256723 1.00031641
v 15.44768788 3.07256723 1.00031641
v -15.44768788 3.07256723 1.00031641
v -23.94376052 3.07256723 1.00031641
v 29.21624540 3.08580099 1.00031641
v 31.34843735 3.08735790 1.00031641
v 31.34532353 3.10993313 1.00031641
v 25.94361489 3.10993313 1.00031641
v 24.05663669 3.10993313 1.00031641
v 15.43912486 3.10993313 1.00031641
v -15.43912486 3.10993313 1.00031641
v -24.05663669 3.10993313 1.00031641
v -29.21624540 3.08580099 1.00031641
v -25.94361489 3.10993313 1.00031641
v -31.34532353 3.10993313 1.00031641
v -31.34843735 3.08735790 1.00031641
v 31.34065279 3.15274823 1.00031641
v 25.78948053 3.15274823 1.00031641
v 24.20999259 3.15274823 1.00031641
v 15.42978338 3.15274823 1.00031641
v -15.42978338 3.15274823 1.00031641
v -24.20999259 3.15274823 1.00031641
v -25.78948053 3.15274823 1.00031641
v -31.34065279 3.15274823 1.00031641
v 31.33598205 3.18777877 1.00031641
v 25.63378926 3.18777877 1.00031641
v 24.36568386 3.18777877 1.00031641
v 15.42122036 3.18777877 1.00031641
v -15.42122036 3.18777877 1.00031641
v -24.36568386 3.18777877 1.00031641
v -25.63378926 3.18777877 1.00031641
v -31.33598205 3.18777877 1.00031641
v 31.33286823 3.21502474 1.00031641
v 25.47654108 3.21502474 1.00031641
v 24.52293205 3.21502474 1.00031641
v 15.41577117 3.21502474 1.00031641
v -15.41577117 3.21502474 1.00031641
v -24.52293205 3.21502474 1.00031641
v -25.47654108 3.21502474 1.00031641
v -31.33286823 3.21502474 1.00031641
v 31.33053286 3.23448615 1.00031641
v 25.31851444 3.23448615 1.00031641
v 24.68173714 3.23448615 1.00031641
v 15.41110043 3.23448615 1.00031641
v -15.41110043 3.23448615 1.00031641
v -24.68173714 3.23448615 1.00031641
v -25.31851444 3.23448615 1.00031641
v -31.33053286 3.23448615 1.00031641
v 31.32897594 3.24616299 1.00031641
v 25.15970934 3.24616299 1.00031641
v 24.84054224 3.24616299 1.00031641
v 15.40876506 3.24616299 1.00031641
v -15.40876506 3.24616299 1.00031641
v -24.84054224 3.24616299 1.00031641
v -25.15970934 3.24616299 1.00031641
v -31.32897594 3.24616299 1.00031641
v 31.32819749 3.25005528 1.00031641
v 25.00012579 3.25005528 1.00031641
v 15.40720815 3.25005528 1.00031641
v -15.40720815 3.25005528 1.00031641
v -25.00012579 3.25005528 1.00031641
v -31.32819749 3.25005528 1.00031641
v 23.65417476 3.48047836 1.00031641
v 31.25735796 3.82689143 1.00031641
v 15.27798439 3.82689143 1.00031641
v -23.65417476 3.48047836 1.00031641
v -15.27798439 3.82689143 1.00031641
v -31.25735796 3.82689143 1.00031641
v 31.16550011 4.57187416 1.00031641
v 15.07169346 4.57187416 1.00031641
v -15.07169346 4.57187416 1.00031641
v -31.16550011 4.57187416 1.00031641
v 24.65293426 4.87547214 1.00031641
v 31.15927246 4.62169537 1.00031641
v 31.04016864 5.30595851 1.00031641
v 14.82959353 5.30595851 1.00031641
v -24.65293426 4.87547214 1.00031641
v -14.82959353 5.30595851 1.00031641
v -31.04016864 5.30595851 1.00031641
v -31.15927246 4.62169537 1.00031641
v 30.91483716 6.02758754 1.00031641
v 14.55090616 6.02758754 1.00031641
v -14.55090616 6.02758754 1.00031641
v -30.91483716 6.02758754 1.00031641
v 24.27226910 6.33352089 1.00031641
v 30.89459730 6.14513445 1.00031641
v 30.76225972 6.73364746 1.00031641
v 14.23796670 6.73364746 1.00031641
v -24.27226910 6.33352089 1.00031641
v -14.23796670 6.73364746 1.00031641
v -30.76225972 6.73364746 1.00031641
v -30.89459730 6.14513445 1.00031641
v 30.60734690 7.42413824 1.00031641
v 13.88999671 7.42413824 1.00031641
v -13.88999671 7.42413824 1.00031641
v -30.60734690 7.42413824 1.00031641
v 23.79896764 7.73941307 1.00031641
v 30.55596879 7.65378287 1.00031641
v 30.43297268 8.09750299 1.00031641
v 13.50933156 8.09750299 1.00031641
v -23.79896764 7.73941307 1.00031641
v -13.50933156 8.09750299 1.00031641
v -30.43297268 8.09750299 1.00031641
v -30.55596879 7.65378287 1.00031641
v 30.25237081 8.74984941 1.00031641
v 13.09597123 8.74984941 1.00031641
v -13.09597123 8.74984941 1.00031641
v -30.25237081 8.74984941 1.00031641
v 23.24159289 9.08147182 1.00031641
v 30.14338692 9.14374833 1.00031641
v 30.06476283 9.38195597 1.00031641
v 12.65069420 9.38195597 1.00031641
v -23.24159289 9.08147182 1.00031641
v -12.65069420 9.38195597 1.00031641
v -30.06476283 9.38195597 1.00031641
v -30.14338692 9.14374833 1.00031641
v 29.86392109 9.99148730 1.00031641
v 12.17505737 9.99148730 1.00031641
v -12.17505737 9.99148730 1.00031641
v -29.86392109 9.99148730 1.00031641
v 29.67008545 10.57688647 1.00031641
v 11.66983919 10.57688647 1.00031641
v -11.66983919 10.57688647 1.00031641
v -29.67008545 10.57688647 1.00031641
v 22.31834365 10.80808801 1.00031641
v 29.65840861 10.61191701 1.00031641
v 29.45600996 11.13659659 1.00031641
v 11.13659659 11.13659659 1.00031641
v -22.31834365 10.80808801 1.00031641
v -11.13659659 11.13659659 1.00031641
v -29.45600996 11.13659659 1.00031641
v -29.65840861 10.61191701 1.00031641
v 29.25049748 11.66983919 1.00031641
v 10.57688647 11.66983919 1.00031641
v -10.57688647 11.66983919 1.00031641
v -29.25049748 11.66983919 1.00031641
v 21.59437924 11.94852657 1.00031641
v 29.10259077 12.05439663 1.00031641
v 29.04887728 12.17505737 1.00031641
v 9.99148730 12.17505737 1.00031641
v -21.59437924 11.94852657 1.00031641
v -9.99148730 12.17505737 1.00031641
v -29.04887728 12.17505737 1.00031641
v -29.10259077 12.05439663 1.00031641
v 28.83791561 12.65069420 1.00031641
v 9.38195597 12.65069420 1.00031641
v -9.38195597 12.65069420 1.00031641
v -28.83791561 12.65069420 1.00031641
v 28.64096616 13.09597123 1.00031641
v 8.74984941 13.09597123 1.00031641
v -8.74984941 13.09597123 1.00031641
v -28.64096616 13.09597123 1.00031641
v 20.48352203 13.33573579 1.00031641
v 28.47593341 13.46807337 1.00031641
v 28.45491509 13.50933156 1.00031641
v 8.09750299 13.50933156 1.00031641
v -20.48352203 13.33573579 1.00031641
v -8.09750299 13.50933156 1.00031641
v -28.45491509 13.50933156 1.00031641
v -28.47593341 13.46807337 1.00031641
v 28.26341482 13.88999671 1.00031641
v 7.42413824 13.88999671 1.00031641
v -7.42413824 13.88999671 1.00031641
v -28.26341482 13.88999671 1.00031641
v 28.08826214 14.23796670 1.00031641
v 6.73364746 14.23796670 1.00031641
v -6.73364746 14.23796670 1.00031641
v -28.08826214 14.23796670 1.00031641
v 27.93023550 14.55090616 1.00031641
v 6.02758754 14.55090616 1.00031641
v -6.02758754 14.55090616 1.00031641
v -27.93023550 14.55090616 1.00031641
v 27.79011336 14.82959353 1.00031641
v 5.30595851 14.82959353 1.00031641
v -5.30595851 14.82959353 1.00031641
v -27.79011336 14.82959353 1.00031641
v 18.62067597 14.93001440 1.00031641
v 27.78077189 14.84905494 1.00031641
v 27.65466196 15.07169346 1.00031641
v 4.57187416 15.07169346 1.00031641
v -18.62067597 14.93001440 1.00031641
v -4.57187416 15.07169346 1.00031641
v -27.65466196 15.07169346 1.00031641
v -27.78077189 14.84905494 1.00031641
v 27.53711505 15.27798439 1.00031641
v 3.82689143 15.27798439 1.00031641
v -3.82689143 15.27798439 1.00031641
v -27.53711505 15.27798439 1.00031641
v 27.44136491 15.44768788 1.00031641
v 3.07256723 15.44768788 1.00031641
v -3.07256723 15.44768788 1.00031641
v -27.44136491 15.44768788 1.00031641
v 27.36663311 15.57924700 1.00031641
v 2.31123691 15.57924700 1.00031641
v -2.31123691 15.57924700 1.00031641
v -27.36663311 15.57924700 1.00031641
v 27.31291962 15.67421868 1.00031641
v 1.54367895 15.67421868 1.00031641
v -1.54367895 15.67421868 1.00031641
v -27.31291962 15.67421868 1.00031641
v 27.28100291 15.73104599 1.00031641
v 0.77300716 15.73104599 1.00031641
v -0.77300716 15.73104599 1.00031641
v -27.28100291 15.73104599 1.00031641
v 27.27010452 15.74972894 1.00031641
v 0.00000000 15.74972894 1.00031641
v -27.27010452 15.74972894 1.00031641
v 0.00000000 25.30528068 1.00031641
v 27.01866312 16.19422752 1.00031641
v 26.19116401 17.50047728 1.00031641
v 25.30138840 18.76469040 1.00031641
v 24.35011474 19.98375305 1.00031641
v 23.33967839 21.15377295 1.00031641
v 22.27397164 22.27397164 1.00031641
v 21.15377295 23.33967839 1.00031641
v 19.98375305 24.35011474 1.00031641
v 18.76469040 25.30138840 1.00031641
v 17.50047728 26.19116401 1.00031641
v 16.19422752 27.01866312 1.00031641
v 14.84905494 27.78077189 1.00031641
v 13.46807337 28.47593341 1.00031641
v 12.05439663 29.10259077 1.00031641
v 10.61191701 29.65840861 1.00031641
v 9.14374833 30.14338692 1.00031641
v 7.65378287 30.55596879 1.00031641
v 6.14513445 30.89459730 1.00031641
v 4.62169537 31.15927246 1.00031641
v 3.08735790 31.34843735 1.00031641
v 1.54601432 31.46209198 1.00031641
v 0.00000000 31.50023634 1.00031641
v -1.54601432 31.46209198 1.00031641
v -3.08735790 31.34843735 1.00031641
v -4.62169537 31.15927246 1.00031641
v -6.14513445 30.89459730 1.00031641
v -7.65378287 30.55596879 1.00031641
v -9.14374833 30.14338692 1.00031641
v -10.61191701 29.65840861 1.00031641
v -12.05439663 29.10259077 1.00031641
v -13.46807337 28.47593341 1.00031641
v -14.84905494 27.78077189 1.00031641
v -16.19422752 27.01866312 1.00031641
v -17.50047728 26.19116401 1.00031641
v -18.76469040 25.30138840 1.00031641
v -19.98375305 24.35011474 1.00031641
v -21.15377295 23.33967839 1.00031641
v -22.27397164 22.27397164 1.00031641
v -23.33967839 21.15377295 1.00031641
v -24.35011474 19.98375305 1.00031641
v -25.30138840 18.76469040 1.00031641
v -26.19116401 17.50047728 1.00031641
v -27.01866312 16.19422752 1.00031641
v 25.30138840 18.76469040 2.22716363
v 24.35011474 19.98375305 2.10728135
v 26.19116401 17.50047728 2.34003980
v 27.01866312 16.19422752 2.44435295
v 27.78077189 14.84905494 2.54088154
v 28.47593341 13.46807337 2.62806865
v 29.10259077 12.05439663 2.70747120
v 29.65840861 10.61191701 2.77753227
v 30.14338692 9.14374833 2.83903032
v 30.55596879 7.65378287 2.89118690
v 30.89459730 6.14513445 2.93400200
v 31.15927246 4.62169537 2.96747562
v 31.34843735 3.08735790 2.99160777
v 31.46209198 1.54601432 3.00561998
v 31.48466721 0.61809434 1.92901484
v 40.83003574 7.30192060 4.18887364
v 41.11417231 8.34816593 4.22468263
v 41.22159928 9.97124743 4.23869484
v 39.78145503 10.91317962 4.05653606
v 31.10711588 22.18756299 2.96046951
f 1 2 3
f 1 3 4
f 1 4 5
f 1 5 6
f 1 6 7
f 1 7 8
f 1 8 9
f 1 9 10
f 1 10 11
f 1 11 12
f 1 12 13
f 1 13 14
f 1 14 15
f 1 15 16
f 1 16 17
f 1 17 18
f 1 18 19
f 1 19 20
f 1 20 21
f 1 21 22
f 1 22 23
f 1 23 24
f 1 24 25
f 1 25 26
f 1 26 27
f 1 27 28
f 1 28 29
f 1 29 30
f 1 30 31
f 1 31 32
f 1 32 33
f 1 33 34
f 1 34 35
f 1 35 36
f 1 36 37
f 1 37 38
f 1 38 39
f 1 39 40
f 1 40 41
f 1 41 42
f 1 42 43
f 1 43 44
f 1 44 45
f 1 45 46
f 1 46 47
f 1 47 48
f 1 48 49
f 1 49 50
f 1 50 51
f 1 51 52
f 1 52 53
f 1 53 54
f 1 54 55
f 1 55 56
f 1 56 57
f 1 57 58
f 1 58 59
f 1 59 60
f 1 60 61
f 1 61 62
f 1 62 63
f 1 63 64
f 1 64 65
f 1 65 66
f 1 66 67
f 1 67 68
f 1 68 69
f 1 69 70
f 1 70 71
f 1 71 72
f 1 72 73
f 1 73 74
f 1 74 75
f 1 75 76
f 1 76 77
f 1 77 78
f 1 78 79
f 1 79 80
f 1 80 81
f 1 81 82
f 1 82 83
f 1 83 84
f 1 84 85
f 1 85 86
f 1 86 87
f 1 87 88
f 1 88 89
f 1 89 90
f 1 90 91
f 1 91 92
f 1 92 93
f 1 93 94
f 1 94 95
f 1 95 96
f 1 96 97
f 1 97 98
f 1 98 99
f 1 99 100
f 1 100 101
f 1 101 102
f 1 102 103
f 1 103 104
f 1 104 105
f 1 105 106
f 1 106 107
f 1 107 108
f 1 108 109
f 1 109 110
f 1 110 111
f 1 111 112
f 1 112 113
f 1 113 114
f 1 114 115
f 1 115 116
f 1 116 117
f 1 117 118
f 1 118 119
f 1 119 120
f 1 120 121
f 1 121 122
f 1 122 123
f 1 123 124
f 1 124 125
f 1 125 126
f 1 126 127
f 1 127 128
f 1 128 129
f 1 129 130
f 1 130 131
f 1 131 132
f 1 132 133
f 1 133 134
f 1 134 135
f 1 135 136
f 1 136 137
f 1 137 138
f 1 138 139
f 1 139 140
f 1 140 141
f 1 141 142
f 1 142 143
f 1 143 144
f 1 144 145
f 1 145 146
f 1 146 147
f 1 147 148
f 1 148 149
f 1 149 150
f 1 150 151
f 1 151 152
f 1 152 153
f 1 153 154
f 1 154 155
f 1 155 156
f 1 156 157
f 1 157 158
f 1 158 159
f 1 159 160
f 1 160 161
f 1 161 162
f 1 162 163
f 1 163 164
f 1 164 165
f 1 165 166
f 1 166 167
f 1 167 168
f 1 168 169
f 1 169 170
f 1 170 171
f 1 171 172
f 1 172 173
f 1 173 174
f 1 174 175
f 1 175 176
f 1 176 177
f 1 177 178
f 1 178 179
f 1 179 180
f 1 180 181
f 1 181 182
f 1 182 183
f 1 183 184
f 1 184 185
f 1 185 186
f 1 186 187
f 1 187 188
f 1 188 189
f 1 189 190
f 1 190 191
f 1 191 192
f 1 192 193
f 1 193 194
f 1 194 195
f 1 195 196
f 1 196 197
f 1 197 198
f 1 198 199
f 1 199 200
f 1 200 201
f 1 201 202
f 1 202 203
f 1 203 204
f 1 204 205
f 1 205 206
f 1 206 207
f 1 207 208
f 1 208 209
f 1 209 210
f 1 210 211
f 1 211 212
f 1 212 213
f 1 213 214
f 1 214 215
f 1 215 216
f 1 216 217
f 1 217 218
f 1 218 219
f 1 219 220
f 1 220 221
f 1 221 222
f 1 222 223
f 1 223 224
f 1 224 225
f 1 225 226
f 1 226 227
f 1 227 228
f 1 228 229
f 1 229 230
f 1 230 231
f 1 231 232
f 1 232 233
f 1 233 234
f 1 234 235
f 1 235 236
f 1 236 237
f 1 237 238
f 1 238 239
f 1 239 240
f 1 240 241
f 1 241 242
f 1 242 243
f 1 243 244
f 1 244 245
f 1 245 246
f 1 246 247
f 1 247 248
f 1 248 249
f 1 249 250
f 1 250 251
f 1 251 252
f 1 252 253
f 1 253 254
f 1 254 255
f 1 255 256
f 1 256 257
f 1 257 258
f 1 258 259
f 1 259 260
f 1 260 261
f 1 261 262
f 1 262 263
f 1 263 264
f 1 264 265
f 1 265 266
f 1 266 267
f 1 267 2
f 268 2 267
f 268 267 269
f 134 270 271
f 134 271 135
f 272 270 273
f 272 273 274
f 272 274 275
f 272 275 271
f 272 271 270
f 276 274 277
f 276 277 278
f 276 278 279
f 276 279 275
f 276 275 274
f 280 281 282
f 280 282 283
f 284 285 281
f 284 281 280
f 286 287 285
f 286 285 284
f 288 289 287
f 288 287 286
f 290 291 289
f 290 289 288
f 292 293 291
f 292 291 290
f 294 295 293
f 294 293 292
f 296 297 295
f 296 295 294
f 298 299 297
f 298 297 296
f 300 301 299
f 300 299 298
f 302 303 301
f 302 301 300
f 304 305 303
f 304 303 302
f 306 307 305
f 306 305 304
f 308 309 307
f 308 307 306
f 310 311 309
f 310 309 308
f 312 313 311
f 312 311 310
f 314 315 313
f 314 313 312
f 316 317 315
f 316 315 314
f 318 319 317
f 318 317 316
f 320 321 319
f 320 319 318
f 322 323 321
f 322 321 320
f 324 325 323
f 324 323 322
f 326 327 325
f 326 325 324
f 328 329 327
f 328 327 326
f 330 331 329
f 330 329 328
f 332 333 331
f 332 331 330
f 334 335 333
f 334 333 332
f 336 337 335
f 336 335 334
f 338 339 337
f 338 337 336
f 340 341 339
f 340 339 338
f 342 343 341
f 342 341 340
f 344 345 343
f 344 343 342
f 346 347 345
f 346 345 344
f 348 349 347
f 348 347 346
f 350 351 349
f 350 349 348
f 352 353 351
f 352 351 350
f 354 355 353
f 354 353 352
f 356 357 355
f 356 355 354
f 358 359 357
f 358 357 356
f 360 361 359
f 360 359 358
f 362 363 361
f 362 361 360
f 364 365 363
f 364 363 362
f 366 367 365
f 366 365 364
f 368 369 367
f 368 367 366
f 370 371 369
f 370 369 368
f 372 373 371
f 372 371 370
f 374 375 373
f 374 373 372
f 376 377 375
f 376 375 374
f 378 379 377
f 378 377 376
f 380 381 379
f 380 379 378
f 382 383 381
f 382 381 380
f 384 385 383
f 384 383 382
f 386 387 385
f 386 385 384
f 388 389 387
f 388 387 386
f 390 391 389
f 390 389 388
f 392 393 391
f 392 391 390
f 394 395 393
f 394 393 392
f 396 397 395
f 396 395 394
f 398 399 397
f 398 397 396
f 400 401 399
f 400 399 398
f 402 403 401
f 402 401 400
f 404 405 403
f 404 403 402
f 406 407 405
f 406 405 404
f 408 409 407
f 408 407 406
f 410 411 409
f 410 409 408
f 412 413 411
f 412 411 410
f 414 415 413
f 414 413 412
f 416 417 415
f 416 415 414
f 418 419 417
f 418 417 416
f 420 421 419
f 420 419 418
f 422 423 421
f 422 421 420
f 424 425 423
f 424 423 422
f 426 427 425
f 426 425 424
f 428 429 427
f 428 427 426
f 430 431 429
f 430 429 428
f 432 433 431
f 432 431 430
f 434 435 433
f 434 433 432
f 436 437 435
f 436 435 434
f 438 439 437
f 438 437 436
f 440 441 439
f 440 439 438
f 442 443 441
f 442 441 440
f 444 445 443
f 444 443 442
f 446 447 445
f 446 445 444
f 448 449 447
f 448 447 446
f 450 451 449
f 450 449 448
f 452 453 451
f 452 451 450
f 454 455 453
f 454 453 452
f 456 457 455
f 456 455 454
f 458 459 457
f 458 457 456
f 460 461 459
f 460 459 458
f 462 463 461
f 462 461 460
f 464 465 463
f 464 463 462
f 466 467 465
f 466 465 464
f 468 469 467
f 468 467 466
f 470 471 469
f 470 469 468
f 472 473 471
f 472 471 470
f 474 475 473
f 474 473 472
f 476 477 475
f 476 475 474
f 478 479 477
f 478 477 476
f 480 481 479
f 480 479 478
f 482 483 481
f 482 481 480
f 484 485 483
f 484 483 482
f 486 487 485
f 486 485 484
f 488 489 487
f 488 487 486
f 490 491 489
f 490 489 488
f 492 493 491
f 492 491 490
f 494 495 493
f 494 493 492
f 496 497 495
f 496 495 494
f 498 499 497
f 498 497 496
f 500 501 499
f 500 499 498
f 502 503 501
f 502 501 500
f 504 505 503
f 504 503 502
f 506 507 505
f 506 505 504
f 508 509 507
f 508 507 506
f 510 511 509
f 510 509 508
f 512 513 511
f 512 511 510
f 514 515 513
f 514 513 512
f 516 517 515
f 516 515 514
f 518 519 517
f 518 517 516
f 520 521 519
f 520 519 518
f 522 523 521
f 522 521 520
f 524 525 523
f 524 523 522
f 526 527 525
f 526 525 524
f 528 529 527
f 528 527 526
f 530 531 529
f 530 529 528
f 532 533 531
f 532 531 530
f 534 535 533
f 534 533 532
f 283 282 535
f 283 535 534
f 344 342 137
f 344 137 136
f 338 336 140
f 338 140 139
f 336 334 141
f 336 141 140
f 332 330 143
f 332 143 142
f 324 322 147
f 324 147 146
f 320 318 149
f 320 149 148
f 316 314 151
f 316 151 150
f 312 310 153
f 312 153 152
f 306 304 156
f 306 156 155
f 304 302 157
f 304 157 156
f 300 298 159
f 300 159 158
f 296 294 161
f 296 161 160
f 292 290 163
f 292 163 162
f 288 286 165
f 288 165 164
f 284 280 167
f 284 167 166
f 534 532 170
f 534 170 169
f 532 530 171
f 532 171 170
f 528 526 173
f 528 173 172
f 524 522 175
f 524 175 174
f 520 518 177
f 520 177 176
f 516 514 179
f 516 179 178
f 512 510 181
f 512 181 180
f 508 506 183
f 508 183 182
f 536 537 538
f 536 538 539
f 342 340 138
f 342 138 137
f 540 541 542
f 540 542 543
f 544 545 466
f 544 466 464
f 546 539 468
f 546 468 466
f 539 538 470
f 539 470 468
f 547 548 205
f 547 205 204
f 340 338 139
f 340 139 138
f 549 550 551
f 549 551 552
f 550 553 554
f 550 554 551
f 275 555 136
f 275 136 135
f 555 556 346
f 555 346 344
f 556 557 348
f 556 348 346
f 543 542 352
f 543 352 350
f 541 558 354
f 541 354 352
f 558 559 356
f 558 356 354
f 334 332 142
f 334 142 141
f 559 560 358
f 559 358 356
f 560 561 360
f 560 360 358
f 330 328 144
f 330 144 143
f 561 562 362
f 561 362 360
f 328 326 145
f 328 145 144
f 562 563 364
f 562 364 362
f 326 324 146
f 326 146 145
f 563 564 366
f 563 366 364
f 564 565 368
f 564 368 366
f 322 320 148
f 322 148 147
f 565 566 370
f 565 370 368
f 566 567 372
f 566 372 370
f 318 316 150
f 318 150 149
f 567 568 374
f 567 374 372
f 568 569 376
f 568 376 374
f 314 312 152
f 314 152 151
f 569 570 378
f 569 378 376
f 570 571 380
f 570 380 378
f 310 308 154
f 310 154 153
f 571 572 382
f 571 382 380
f 308 306 155
f 308 155 154
f 572 573 384
f 572 384 382
f 573 574 386
f 573 386 384
f 574 575 388
f 574 388 386
f 302 300 158
f 302 158 157
f 575 576 390
f 575 390 388
f 576 577 392
f 576 392 390
f 298 296 160
f 298 160 159
f 577 578 394
f 577 394 392
f 578 579 396
f 578 396 394
f 294 292 162
f 294 162 161
f 579 580 398
f 579 398 396
f 580 581 400
f 580 400 398
f 290 288 164
f 290 164 163
f 581 582 402
f 581 402 400
f 582 583 404
f 582 404 402
f 286 284 166
f 286 166 165
f 583 584 406
f 583 406 404
f 584 585 408
f 584 408 406
f 280 283 168
f 280 168 167
f 585 586 410
f 585 410 408
f 283 534 169
f 283 169 168
f 586 587 412
f 586 412 410
f 587 588 414
f 587 414 412
f 588 589 416
f 588 416 414
f 530 528 172
f 530 172 171
f 589 590 418
f 589 418 416
f 590 591 420
f 590 420 418
f 526 524 174
f 526 174 173
f 591 592 422
f 591 422 420
f 592 593 424
f 592 424 422
f 522 520 176
f 522 176 175
f 593 594 426
f 593 426 424
f 594 595 428
f 594 428 426
f 518 516 178
f 518 178 177
f 595 596 430
f 595 430 428
f 596 597 432
f 596 432 430
f 514 512 180
f 514 180 179
f 597 598 434
f 597 434 432
f 598 599 436
f 598 436 434
f 510 508 182
f 510 182 181
f 599 600 438
f 599 438 436
f 600 601 440
f 600 440 438
f 506 504 184
f 506 184 183
f 601 602 442
f 601 442 440
f 504 502 185
f 504 185 184
f 602 603 444
f 602 444 442
f 502 500 186
f 502 186 185
f 603 604 446
f 603 446 444
f 500 498 187
f 500 187 186
f 604 605 448
f 604 448 446
f 498 496 188
f 498 188 187
f 605 606 450
f 605 450 448
f 496 494 189
f 496 189 188
f 606 607 452
f 606 452 450
f 494 492 190
f 494 190 189
f 607 608 454
f 607 454 452
f 492 490 191
f 492 191 190
f 608 609 456
f 608 456 454
f 490 488 192
f 490 192 191
f 609 610 458
f 609 458 456
f 488 486 193
f 488 193 192
f 610 611 460
f 610 460 458
f 486 484 194
f 486 194 193
f 611 612 462
f 611 462 460
f 484 482 195
f 484 195 194
f 612 544 464
f 612 464 462
f 482 480 196
f 482 196 195
f 480 478 197
f 480 197 196
f 545 536 539
f 545 539 546
f 478 476 198
f 478 198 197
f 613 614 201
f 613 201 200
f 615 616 202
f 615 202 201
f 617 618 619
f 617 619 620
f 548 621 206
f 548 206 205
f 618 622 623
f 618 623 619
f 621 624 207
f 621 207 206
f 622 625 626
f 622 626 623
f 624 627 208
f 624 208 207
f 625 628 629
f 625 629 626
f 627 630 209
f 627 209 208
f 628 631 632
f 628 632 629
f 630 633 210
f 630 210 209
f 631 634 635
f 631 635 632
f 633 636 211
f 633 211 210
f 634 637 638
f 634 638 635
f 636 639 212
f 636 212 211
f 637 640 641
f 637 641 638
f 639 642 213
f 639 213 212
f 640 643 644
f 640 644 641
f 642 645 214
f 642 214 213
f 643 646 647
f 643 647 644
f 645 648 215
f 645 215 214
f 646 649 650
f 646 650 647
f 648 651 216
f 648 216 215
f 649 652 653
f 649 653 650
f 651 654 217
f 651 217 216
f 652 655 656
f 652 656 653
f 654 657 218
f 654 218 217
f 655 658 659
f 655 659 656
f 657 660 219
f 657 219 218
f 658 661 662
f 658 662 659
f 660 663 220
f 660 220 219
f 661 664 665
f 661 665 662
f 663 666 221
f 663 221 220
f 664 667 668
f 664 668 665
f 666 669 222
f 666 222 221
f 667 670 671
f 667 671 668
f 669 672 223
f 669 223 222
f 670 673 674
f 670 674 671
f 672 675 224
f 672 224 223
f 673 676 677
f 673 677 674
f 675 678 225
f 675 225 224
f 676 679 680
f 676 680 677
f 678 681 226
f 678 226 225
f 679 682 683
f 679 683 680
f 681 684 227
f 681 227 226
f 682 685 686
f 682 686 683
f 684 687 228
f 684 228 227
f 685 688 689
f 685 689 686
f 687 690 229
f 687 229 228
f 688 691 692
f 688 692 689
f 690 693 230
f 690 230 229
f 691 694 695
f 691 695 692
f 693 696 231
f 693 231 230
f 694 697 698
f 694 698 695
f 696 699 232
f 696 232 231
f 697 700 701
f 697 701 698
f 699 702 233
f 699 233 232
f 700 703 704
f 700 704 701
f 702 705 234
f 702 234 233
f 703 706 707
f 703 707 704
f 705 708 235
f 705 235 234
f 706 709 710
f 706 710 707
f 708 711 236
f 708 236 235
f 709 712 713
f 709 713 710
f 711 714 237
f 711 237 236
f 712 715 716
f 712 716 713
f 714 717 238
f 714 238 237
f 715 718 719
f 715 719 716
f 717 720 239
f 717 239 238
f 718 721 722
f 718 722 719
f 720 723 240
f 720 240 239
f 721 724 725
f 721 725 722
f 723 726 241
f 723 241 240
f 724 727 728
f 724 728 725
f 726 729 242
f 726 242 241
f 727 730 731
f 727 731 728
f 729 732 243
f 729 243 242
f 730 733 734
f 730 734 731
f 732 735 244
f 732 244 243
f 733 736 737
f 733 737 734
f 735 738 245
f 735 245 244
f 736 739 740
f 736 740 737
f 738 741 246
f 738 246 245
f 739 742 743
f 739 743 740
f 741 744 247
f 741 247 246
f 742 745 746
f 742 746 743
f 744 747 248
f 744 248 247
f 745 748 749
f 745 749 746
f 747 750 249
f 747 249 248
f 748 751 752
f 748 752 749
f 750 753 250
f 750 250 249
f 751 754 755
f 751 755 752
f 753 756 251
f 753 251 250
f 754 757 758
f 754 758 755
f 756 759 252
f 756 252 251
f 757 760 761
f 757 761 758
f 759 762 253
f 759 253 252
f 760 763 764
f 760 764 761
f 762 765 254
f 762 254 253
f 763 766 767
f 763 767 764
f 765 768 255
f 765 255 254
f 766 769 770
f 766 770 767
f 768 771 256
f 768 256 255
f 769 772 773
f 769 773 770
f 771 774 257
f 771 257 256
f 772 775 776
f 772 776 773
f 774 777 258
f 774 258 257
f 775 778 779
f 775 779 776
f 777 780 259
f 777 259 258
f 778 781 782
f 778 782 779
f 780 783 260
f 780 260 259
f 781 784 785
f 781 785 782
f 783 786 261
f 783 261 260
f 784 787 788
f 784 788 785
f 786 789 262
f 786 262 261
f 787 549 552
f 787 552 788
f 789 790 263
f 789 263 262
f 790 791 264
f 790 264 263
f 792 269 267
f 792 267 266
f 476 474 199
f 476 199 198
f 474 472 200
f 474 200 199
f 793 547 204
f 793 204 203
f 616 794 795
f 616 795 796
f 557 540 350
f 557 350 348
f 796 793 203
f 796 203 202
f 794 797 798
f 794 798 795
f 797 617 620
f 797 620 798
f 791 799 265
f 791 265 264
f 553 792 800
f 553 800 554
f 799 800 266
f 799 266 265
f 133 132 343
f 133 343 345
f 132 131 341
f 132 341 343
f 469 471 801
f 469 801 802
f 66 65 803
f 66 803 804
f 805 806 807
f 805 807 808
f 131 130 339
f 131 339 341
f 130 129 337
f 130 337 339
f 6 5 809
f 6 809 810
f 129 128 335
f 129 335 337
f 128 127 333
f 128 333 335
f 127 126 331
f 127 331 333
f 126 125 329
f 126 329 331
f 125 124 327
f 125 327 329
f 124 123 325
f 124 325 327
f 123 122 323
f 123 323 325
f 122 121 321
f 122 321 323
f 121 120 319
f 121 319 321
f 120 119 317
f 120 317 319
f 119 118 315
f 119 315 317
f 118 117 313
f 118 313 315
f 117 116 311
f 117 311 313
f 116 115 309
f 116 309 311
f 115 114 307
f 115 307 309
f 114 113 305
f 114 305 307
f 113 112 303
f 113 303 305
f 112 111 301
f 112 301 303
f 111 110 299
f 111 299 301
f 110 109 297
f 110 297 299
f 109 108 295
f 109 295 297
f 108 107 293
f 108 293 295
f 107 106 291
f 107 291 293
f 106 105 289
f 106 289 291
f 105 104 287
f 105 287 289
f 104 103 285
f 104 285 287
f 103 102 281
f 103 281 285
f 102 101 282
f 102 282 281
f 101 100 535
f 101 535 282
f 100 99 533
f 100 533 535
f 99 98 531
f 99 531 533
f 98 97 529
f 98 529 531
f 97 96 527
f 97 527 529
f 96 95 525
f 96 525 527
f 95 94 523
f 95 523 525
f 94 93 521
f 94 521 523
f 93 92 519
f 93 519 521
f 92 91 517
f 92 517 519
f 91 90 515
f 91 515 517
f 90 89 513
f 90 513 515
f 89 88 511
f 89 511 513
f 88 87 509
f 88 509 511
f 87 86 507
f 87 507 509
f 86 85 505
f 86 505 507
f 85 84 503
f 85 503 505
f 84 83 501
f 84 501 503
f 83 82 499
f 83 499 501
f 82 81 497
f 82 497 499
f 81 80 495
f 81 495 497
f 80 79 493
f 80 493 495
f 79 78 491
f 79 491 493
f 78 77 489
f 78 489 491
f 77 76 487
f 77 487 489
f 76 75 485
f 76 485 487
f 73 72 479
f 73 479 481
f 71 70 475
f 71 475 477
f 811 812 813
f 811 813 814
f 64 63 815
f 64 815 816
f 817 818 819
f 817 819 820
f 62 61 821
f 62 821 822
f 823 824 825
f 823 825 826
f 824 827 828
f 824 828 825
f 57 56 829
f 57 829 830
f 56 55 831
f 56 831 829
f 55 54 832
f 55 832 831
f 54 53 833
f 54 833 832
f 53 52 834
f 53 834 833
f 52 51 835
f 52 835 834
f 72 71 477
f 72 477 479
f 70 69 473
f 70 473 475
f 67 66 804
f 67 804 836
f 836 837 838
f 836 838 839
f 467 469 802
f 467 802 840
f 837 811 814
f 837 814 838
f 65 64 816
f 65 816 803
f 841 134 133
f 841 133 842
f 841 842 843
f 841 843 844
f 841 844 845
f 841 845 846
f 841 846 270
f 841 270 134
f 347 349 847
f 347 847 848
f 349 351 849
f 349 849 847
f 351 353 850
f 351 850 849
f 353 355 851
f 353 851 850
f 355 357 852
f 355 852 851
f 357 359 853
f 357 853 852
f 359 361 854
f 359 854 853
f 361 363 855
f 361 855 854
f 363 365 856
f 363 856 855
f 365 367 857
f 365 857 856
f 367 369 858
f 367 858 857
f 369 371 859
f 369 859 858
f 860 371 373
f 860 373 861
f 860 861 862
f 860 862 859
f 860 859 371
f 373 375 863
f 373 863 861
f 375 377 864
f 375 864 863
f 377 379 865
f 377 865 864
f 379 381 866
f 379 866 865
f 381 383 867
f 381 867 866
f 383 385 868
f 383 868 867
f 385 387 869
f 385 869 868
f 387 389 870
f 387 870 869
f 389 391 871
f 389 871 870
f 391 393 872
f 391 872 871
f 393 395 873
f 393 873 872
f 395 397 874
f 395 874 873
f 397 399 875
f 397 875 874
f 399 401 876
f 399 876 875
f 401 403 877
f 401 877 876
f 403 405 878
f 403 878 877
f 405 407 879
f 405 879 878
f 407 409 880
f 407 880 879
f 409 411 881
f 409 881 880
f 882 411 413
f 882 413 883
f 882 883 884
f 882 884 881
f 882 881 411
f 413 415 885
f 413 885 883
f 415 417 886
f 415 886 885
f 417 419 887
f 417 887 886
f 419 421 888
f 419 888 887
f 421 423 889
f 421 889 888
f 423 425 890
f 423 890 889
f 425 427 891
f 425 891 890
f 427 429 892
f 427 892 891
f 429 431 893
f 429 893 892
f 431 433 894
f 431 894 893
f 433 435 895
f 433 895 894
f 435 437 896
f 435 896 895
f 437 439 897
f 437 897 896
f 439 441 898
f 439 898 897
f 441 443 899
f 441 899 898
f 443 445 900
f 443 900 899
f 445 447 901
f 445 901 900
f 447 449 902
f 447 902 901
f 449 451 903
f 449 903 902
f 451 453 904
f 451 904 903
f 453 455 905
f 453 905 904
f 455 457 906
f 455 906 905
f 457 459 907
f 457 907 906
f 908 459 461
f 908 461 909
f 908 909 910
f 908 910 907
f 908 907 459
f 75 74 483
f 75 483 485
f 461 463 911
f 461 911 909
f 74 73 481
f 74 481 483
f 463 465 912
f 463 912 911
f 465 467 840
f 465 840 912
f 471 473 913
f 471 913 801
f 914 69 68
f 914 68 915
f 914 915 916
f 914 916 917
f 914 917 918
f 914 918 919
f 914 919 920
f 914 920 921
f 914 921 922
f 914 922 913
f 914 913 69
f 68 67 839
f 68 839 923
f 812 817 820
f 812 820 813
f 63 62 822
f 63 822 815
f 818 823 826
f 818 826 819
f 61 60 924
f 61 924 821
f 60 59 925
f 60 925 924
f 59 58 926
f 59 926 925
f 827 927 928
f 827 928 828
f 58 57 830
f 58 830 926
f 927 929 930
f 927 930 928
f 929 931 932
f 929 932 930
f 931 933 934
f 931 934 932
f 933 935 936
f 933 936 934
f 935 937 938
f 935 938 936
f 937 939 940
f 937 940 938
f 939 941 942
f 939 942 940
f 51 50 943
f 51 943 835
f 941 944 945
f 941 945 942
f 50 49 946
f 50 946 943
f 944 947 948
f 944 948 945
f 49 48 949
f 49 949 946
f 947 950 951
f 947 951 948
f 48 47 952
f 48 952 949
f 950 953 954
f 950 954 951
f 47 46 955
f 47 955 952
f 953 956 957
f 953 957 954
f 46 45 958
f 46 958 955
f 956 959 960
f 956 960 957
f 45 44 961
f 45 961 958
f 959 962 963
f 959 963 960
f 44 43 964
f 44 964 961
f 962 965 966
f 962 966 963
f 43 42 967
f 43 967 964
f 965 968 969
f 965 969 966
f 42 41 970
f 42 970 967
f 968 971 972
f 968 972 969
f 41 40 973
f 41 973 970
f 971 974 975
f 971 975 972
f 40 39 976
f 40 976 973
f 974 977 978
f 974 978 975
f 39 38 979
f 39 979 976
f 977 980 981
f 977 981 978
f 38 37 982
f 38 982 979
f 980 983 984
f 980 984 981
f 37 36 985
f 37 985 982
f 983 986 987
f 983 987 984
f 36 35 988
f 36 988 985
f 986 989 990
f 986 990 987
f 35 34 991
f 35 991 988
f 989 992 993
f 989 993 990
f 34 33 994
f 34 994 991
f 992 995 996
f 992 996 993
f 33 32 997
f 33 997 994
f 995 998 999
f 995 999 996
f 32 31 1000
f 32 1000 997
f 998 1001 1002
f 998 1002 999
f 31 30 1003
f 31 1003 1000
f 1001 1004 1005
f 1001 1005 1002
f 30 29 1006
f 30 1006 1003
f 1004 1007 1008
f 1004 1008 1005
f 29 28 1009
f 29 1009 1006
f 1007 1010 1011
f 1007 1011 1008
f 28 27 1012
f 28 1012 1009
f 1010 1013 1014
f 1010 1014 1011
f 27 26 1015
f 27 1015 1012
f 1013 1016 1017
f 1013 1017 1014
f 26 25 1018
f 26 1018 1015
f 1016 1019 1020
f 1016 1020 1017
f 25 24 1021
f 25 1021 1018
f 1019 1022 1023
f 1019 1023 1020
f 24 23 1024
f 24 1024 1021
f 1022 1025 1026
f 1022 1026 1023
f 23 22 1027
f 23 1027 1024
f 1025 1028 1029
f 1025 1029 1026
f 22 21 1030
f 22 1030 1027
f 1028 1031 1032
f 1028 1032 1029
f 21 20 1033
f 21 1033 1030
f 1031 1034 1035
f 1031 1035 1032
f 20 19 1036
f 20 1036 1033
f 1034 1037 1038
f 1034 1038 1035
f 19 18 1039
f 19 1039 1036
f 1037 1040 1041
f 1037 1041 1038
f 18 17 1042
f 18 1042 1039
f 1040 1043 1044
f 1040 1044 1041
f 17 16 1045
f 17 1045 1042
f 1043 1046 1047
f 1043 1047 1044
f 16 15 1048
f 16 1048 1045
f 1046 1049 1050
f 1046 1050 1047
f 15 14 1051
f 15 1051 1048
f 1049 1052 1053
f 1049 1053 1050
f 14 13 1054
f 14 1054 1051
f 1052 1055 1056
f 1052 1056 1053
f 13 12 1057
f 13 1057 1054
f 1055 1058 1059
f 1055 1059 1056
f 12 11 1060
f 12 1060 1057
f 1058 1061 1062
f 1058 1062 1059
f 11 10 1063
f 11 1063 1060
f 1061 1064 1065
f 1061 1065 1062
f 10 9 1066
f 10 1066 1063
f 1064 1067 1068
f 1064 1068 1065
f 9 8 1069
f 9 1069 1066
f 1067 1070 1071
f 1067 1071 1068
f 8 7 1072
f 8 1072 1069
f 1070 1073 1074
f 1070 1074 1071
f 7 6 810
f 7 810 1072
f 1073 1075 1076
f 1073 1076 1074
f 1075 1077 1078
f 1075 1078 1076
f 1077 805 808
f 1077 808 1078
f 3 2 268
f 3 268 807
f 5 4 1079
f 5 1079 809
f 4 3 806
f 4 806 1079
f 702 985 988
f 702 988 705
f 699 982 985
f 699 985 702
f 696 979 982
f 696 982 699
f 693 976 979
f 693 979 696
f 690 973 976
f 690 976 693
f 687 970 973
f 687 973 690
f 684 967 970
f 684 970 687
f 681 964 967
f 681 967 684
f 678 961 964
f 678 964 681
f 675 958 961
f 675 961 678
f 672 955 958
f 672 958 675
f 669 952 955
f 669 955 672
f 666 949 952
f 666 952 669
f 663 946 949
f 663 949 666
f 660 943 946
f 660 946 663
f 657 835 943
f 657 943 660
f 654 834 835
f 654 835 657
f 651 833 834
f 651 834 654
f 648 832 833
f 648 833 651
f 645 831 832
f 645 832 648
f 642 829 831
f 642 831 645
f 639 830 829
f 639 829 642
f 636 926 830
f 636 830 639
f 633 925 926
f 633 926 636
f 627 821 924
f 627 924 630
f 624 822 821
f 624 821 627
f 621 815 822
f 621 822 624
f 548 816 815
f 548 815 621
f 547 803 816
f 547 816 548
f 793 804 803
f 793 803 547
f 796 836 804
f 796 804 793
f 795 837 836
f 795 836 796
f 798 811 837
f 798 837 795
f 620 812 811
f 620 811 798
f 619 817 812
f 619 812 620
f 623 818 817
f 623 817 619
f 626 823 818
f 626 818 623
f 629 824 823
f 629 823 626
f 632 827 824
f 632 824 629
f 635 927 827
f 635 827 632
f 638 929 927
f 638 927 635
f 641 931 929
f 641 929 638
f 644 933 931
f 644 931 641
f 647 935 933
f 647 933 644
f 650 937 935
f 650 935 647
f 653 939 937
f 653 937 650
f 656 941 939
f 656 939 653
f 659 944 941
f 659 941 656
f 662 947 944
f 662 944 659
f 665 950 947
f 665 947 662
f 668 953 950
f 668 950 665
f 671 956 953
f 671 953 668
f 674 959 956
f 674 956 671
f 677 962 959
f 677 959 674
f 683 968 965
f 683 965 680
f 686 971 968
f 686 968 683
f 689 974 971
f 689 971 686
f 692 977 974
f 692 974 689
f 695 980 977
f 695 977 692
f 698 983 980
f 698 980 695
f 701 986 983
f 701 983 698
f 704 989 986
f 704 986 701
f 707 992 989
f 707 989 704
f 710 995 992
f 710 992 707
f 713 998 995
f 713 995 710
f 716 1001 998
f 716 998 713
f 719 1004 1001
f 719 1001 716
f 725 1010 1007
f 725 1007 722
f 728 1013 1010
f 728 1010 725
f 731 1016 1013
f 731 1013 728
f 734 1019 1016
f 734 1016 731
f 737 1022 1019
f 737 1019 734
f 740 1025 1022
f 740 1022 737
f 743 1028 1025
f 743 1025 740
f 746 1031 1028
f 746 1028 743
f 749 1034 1031
f 749 1031 746
f 752 1037 1034
f 752 1034 749
f 755 1040 1037
f 755 1037 752
f 758 1043 1040
f 758 1040 755
f 761 1046 1043
f 761 1043 758
f 764 1049 1046
f 764 1046 761
f 767 1052 1049
f 767 1049 764
f 770 1055 1052
f 770 1052 767
f 773 1058 1055
f 773 1055 770
f 776 1061 1058
f 776 1058 773
f 779 1064 1061
f 779 1061 776
f 782 1067 1064
f 782 1064 779
f 785 1070 1067
f 785 1067 782
f 788 1073 1070
f 788 1070 785
f 552 1075 1073
f 552 1073 788
f 551 1077 1075
f 551 1075 552
f 554 805 1077
f 554 1077 551
f 800 806 805
f 800 805 554
f 799 1079 806
f 799 806 800
f 791 809 1079
f 791 1079 799
f 790 810 809
f 790 809 791
f 789 1072 810
f 789 810 790
f 786 1069 1072
f 786 1072 789
f 783 1066 1069
f 783 1069 786
f 777 1060 1063
f 777 1063 780
f 774 1057 1060
f 774 1060 777
f 771 1054 1057
f 771 1057 774
f 768 1051 1054
f 768 1054 771
f 765 1048 1051
f 765 1051 768
f 762 1045 1048
f 762 1048 765
f 759 1042 1045
f 759 1045 762
f 756 1039 1042
f 756 1042 759
f 753 1036 1039
f 753 1039 756
f 750 1033 1036
f 750 1036 753
f 747 1030 1033
f 747 1033 750
f 744 1027 1030
f 744 1030 747
f 741 1024 1027
f 741 1027 744
f 738 1021 1024
f 738 1024 741
f 735 1018 1021
f 735 1021 738
f 732 1015 1018
f 732 1018 735
f 729 1012 1015
f 729 1015 732
f 726 1009 1012
f 726 1012 729
f 723 1006 1009
f 723 1009 726
f 720 1003 1006
f 720 1006 723
f 717 1000 1003
f 717 1003 720
f 714 997 1000
f 714 1000 717
f 711 994 997
f 711 997 714
f 708 991 994
f 708 994 711
f 705 988 991
f 705 991 708
f 925 633 630
f 925 630 924
f 962 677 680
f 962 680 965
f 1004 719 722
f 1004 722 1007
f 1066 783 780
f 1066 780 1063
f 1080 923 839
f 1080 839 838
f 1080 838 814
f 1080 814 813
f 1080 813 820
f 1080 820 819
f 1080 819 826
f 1080 826 825
f 1080 825 828
f 1080 828 928
f 1080 928 930
f 1080 930 932
f 1080 932 934
f 1080 934 936
f 1080 936 938
f 1080 938 940
f 1080 940 942
f 1080 942 945
f 1080 945 948
f 1080 948 951
f 1080 951 954
f 1080 954 957
f 1080 957 960
f 1080 960 963
f 1080 963 966
f 1080 966 969
f 1080 969 972
f 1080 972 975
f 1080 975 978
f 1080 978 981
f 1080 981 984
f 1080 984 987
f 1080 987 990
f 1080 990 993
f 1080 993 996
f 1080 996 999
f 1080 999 1002
f 1080 1002 1005
f 1080 1005 1008
f 1080 1008 1011
f 1080 1011 1014
f 1080 1014 1017
f 1080 1017 1020
f 1080 1020 1023
f 1080 1023 1026
f 1080 1026 1029
f 1080 1029 1032
f 1080 1032 1035
f 1080 1035 1038
f 1080 1038 1041
f 1080 1041 1044
f 1080 1044 1047
f 1080 1047 1050
f 1080 1050 1053
f 1080 1053 1056
f 1080 1056 1059
f 1080 1059 1062
f 1080 1062 1065
f 1080 1065 1068
f 1080 1068 1071
f 1080 1071 1074
f 1080 1074 1076
f 1080 1076 1078
f 1080 1078 808
f 1080 808 807
f 1080 807 268
f 1080 268 269
f 1080 269 792
f 1080 792 553
f 1080 553 550
f 1080 550 549
f 1080 549 787
f 1080 787 784
f 1080 784 781
f 1080 781 778
f 1080 778 775
f 1080 775 772
f 1080 772 769
f 1080 769 766
f 1080 766 763
f 1080 763 760
f 1080 760 757
f 1080 757 754
f 1080 754 751
f 1080 751 748
f 1080 748 745
f 1080 745 742
f 1080 742 739
f 1080 739 736
f 1080 736 733
f 1080 733 730
f 1080 730 727
f 1080 727 724
f 1080 724 721
f 1080 721 718
f 1080 718 715
f 1080 715 712
f 1080 712 709
f 1080 709 706
f 1080 706 703
f 1080 703 700
f 1080 700 697
f 1080 697 694
f 1080 694 691
f 1080 691 688
f 1080 688 685
f 1080 685 682
f 1080 682 679
f 1080 679 676
f 1080 676 673
f 1080 673 670
f 1080 670 667
f 1080 667 664
f 1080 664 661
f 1080 661 658
f 1080 658 655
f 1080 655 652
f 1080 652 649
f 1080 649 646
f 1080 646 643
f 1080 643 640
f 1080 640 637
f 1080 637 634
f 1080 634 631
f 1080 631 628
f 1080 628 625
f 1080 625 622
f 1080 622 618
f 1080 618 617
f 1080 617 797
f 1080 797 794
f 1080 794 616
f 1080 616 615
f 1080 615 923
f 537 613 472
f 537 472 470
f 842 345 347
f 842 347 848
f 1081 279 1082
f 1081 1082 1083
f 1081 1083 1084
f 1081 1084 1085
f 1081 1085 1086
f 1081 1086 1087
f 1081 1087 1088
f 1081 1088 1089
f 1081 1089 1090
f 1081 1090 1091
f 1081 1091 1092
f 1081 1092 1093
f 1081 1093 1094
f 1081 1094 1095
f 1081 1095 1096
f 1081 1096 1097
f 1081 1097 1098
f 1081 1098 1099
f 1081 1099 1100
f 1081 1100 1101
f 1081 1101 1102
f 1081 1102 1103
f 1081 1103 1104
f 1081 1104 1105
f 1081 1105 1106
f 1081 1106 1107
f 1081 1107 1108
f 1081 1108 1109
f 1081 1109 1110
f 1081 1110 1111
f 1081 1111 1112
f 1081 1112 1113
f 1081 1113 1114
f 1081 1114 1115
f 1081 1115 1116
f 1081 1116 1117
f 1081 1117 1118
f 1081 1118 1119
f 1081 1119 1120
f 1081 1120 1121
f 1081 1121 1122
f 1081 1122 1123
f 1081 1123 1124
f 1081 1124 1125
f 1081 1125 1126
f 1081 1126 1127
f 1081 1127 1128
f 1081 1128 1129
f 1081 1129 1130
f 1081 1130 1131
f 1081 1131 1132
f 1081 1132 1133
f 1081 1133 1134
f 1081 1134 1135
f 1081 1135 1136
f 1081 1136 1137
f 1081 1137 1138
f 1081 1138 1139
f 1081 1139 1140
f 1081 1140 1141
f 1081 1141 1142
f 1081 1142 1143
f 1081 1143 614
f 1081 614 613
f 1081 613 537
f 1081 537 536
f 1081 536 545
f 1081 545 544
f 1081 544 612
f 1081 612 611
f 1081 611 610
f 1081 610 609
f 1081 609 608
f 1081 608 607
f 1081 607 606
f 1081 606 605
f 1081 605 604
f 1081 604 603
f 1081 603 602
f 1081 602 601
f 1081 601 600
f 1081 600 599
f 1081 599 598
f 1081 598 597
f 1081 597 596
f 1081 596 595
f 1081 595 594
f 1081 594 593
f 1081 593 592
f 1081 592 591
f 1081 591 590
f 1081 590 589
f 1081 589 588
f 1081 588 587
f 1081 587 586
f 1081 586 585
f 1081 585 584
f 1081 584 583
f 1081 583 582
f 1081 582 581
f 1081 581 580
f 1081 580 579
f 1081 579 578
f 1081 578 577
f 1081 577 576
f 1081 576 575
f 1081 575 574
f 1081 574 573
f 1081 573 572
f 1081 572 571
f 1081 571 570
f 1081 570 569
f 1081 569 568
f 1081 568 567
f 1081 567 566
f 1081 566 565
f 1081 565 564
f 1081 564 563
f 1081 563 562
f 1081 562 561
f 1081 561 560
f 1081 560 559
f 1081 559 558
f 1081 558 541
f 1081 541 540
f 1081 540 557
f 1081 557 556
f 1081 556 555
f 1081 555 275
f 1081 275 279
f 1144 1145 1146
f 1144 1146 1147
f 1144 1147 1148
f 1144 1148 1149
f 1144 1149 1150
f 1144 1150 1151
f 1144 1151 1145
f 915 923 1146
f 915 1146 1145
f 614 1152 615
f 923 615 1147
f 923 1147 1146
f 1153 615 1152
f 1153 1152 1143
f 1153 1143 1148
f 1153 1148 1147
f 1153 1147 615
f 1154 1155 1156
f 1154 1156 1157
f 1154 1157 1158
f 1154 1158 1159
f 1154 1159 1160
f 1154 1160 1161
f 1154 1161 1162
f 1154 1162 1163
f 1154 1163 1164
f 1154 1164 1165
f 1154 1165 1166
f 1154 1166 1167
f 1154 1167 1168
f 1154 1168 1169
f 1154 1169 1170
f 1154 1170 1171
f 1154 1171 1172
f 1154 1172 1173
f 1154 1173 1174
f 1154 1174 1175
f 1154 1175 1176
f 1154 1176 1177
f 1154 1177 1178
f 1154 1178 1179
f 1154 1179 1180
f 1154 1180 1181
f 1154 1181 1182
f 1154 1182 1183
f 1154 1183 1184
f 1154 1184 1185
f 1154 1185 1186
f 1154 1186 1187
f 1154 1187 1188
f 1154 1188 1189
f 1154 1189 1190
f 1154 1190 1191
f 1154 1191 1192
f 1154 1192 1155
f 1173 1193 1194
f 1173 1194 1174
f 1174 1195 1196
f 1174 1196 1175
f 1193 1197 1198
f 1193 1198 1194
f 1195 1199 1200
f 1195 1200 1196
f 1197 1201 1202
f 1197 1202 1198
f 1199 1203 1204
f 1199 1204 1200
f 1201 1205 1206
f 1201 1206 1202
f 1203 1207 1208
f 1203 1208 1204
f 1205 1209 1210
f 1205 1210 1206
f 1207 1211 1212
f 1207 1212 1208
f 1209 1213 1214
f 1209 1214 1210
f 1211 1215 1216
f 1211 1216 1212
f 1213 1217 1218
f 1213 1218 1214
f 1215 1219 1220
f 1215 1220 1216
f 1217 1221 1222
f 1217 1222 1218
f 1219 1223 1224
f 1219 1224 1220
f 1221 1225 1226
f 1221 1226 1222
f 1223 1227 1228
f 1223 1228 1224
f 1225 1229 1230
f 1225 1230 1226
f 1227 1231 1232
f 1227 1232 1228
f 1229 1233 1234
f 1229 1234 1230
f 1231 1235 1236
f 1231 1236 1232
f 1233 1237 1238
f 1233 1238 1234
f 1235 1239 1240
f 1235 1240 1236
f 1237 1241 1242
f 1237 1242 1238
f 1239 1243 1244
f 1239 1244 1240
f 1241 1245 1246
f 1241 1246 1242
f 1243 1247 1248
f 1243 1248 1244
f 1249 1245 1250
f 1249 1250 1251
f 1249 1251 1252
f 1249 1252 1246
f 1249 1246 1245
f 1253 1247 1254
f 1253 1254 1255
f 1253 1255 1256
f 1253 1256 1248
f 1253 1248 1247
f 1251 1257 1258
f 1251 1258 1252
f 1254 1259 1260
f 1254 1260 1255
f 1257 1261 1262
f 1257 1262 1258
f 1259 1263 1264
f 1259 1264 1260
f 1261 1265 1266
f 1261 1266 1262
f 1263 1267 1268
f 1263 1268 1264
f 1265 1269 1270
f 1265 1270 1266
f 1267 1271 1272
f 1267 1272 1268
f 1269 1273 1274
f 1269 1274 1270
f 1271 1275 1276
f 1271 1276 1272
f 1273 1277 1278
f 1273 1278 1274
f 1275 1279 1280
f 1275 1280 1276
f 1277 1281 1282
f 1277 1282 1278
f 1279 1283 1284
f 1279 1284 1280
f 1281 1285 1286
f 1281 1286 1282
f 1283 1287 1288
f 1283 1288 1284
f 1285 1289 1290
f 1285 1290 1286
f 1287 1291 1292
f 1287 1292 1288
f 1293 1289 1294
f 1293 1294 1295
f 1293 1295 1296
f 1293 1296 1290
f 1293 1290 1289
f 1297 1291 1298
f 1297 1298 1299
f 1297 1299 1300
f 1297 1300 1292
f 1297 1292 1291
f 1295 1301 1302
f 1295 1302 1296
f 1298 1303 1304
f 1298 1304 1299
f 1301 1305 1306
f 1301 1306 1302
f 1303 1307 1308
f 1303 1308 1304
f 1305 1309 1310
f 1305 1310 1306
f 1307 1311 1312
f 1307 1312 1308
f 1309 1313 1314
f 1309 1314 1310
f 1311 1315 1316
f 1311 1316 1312
f 1313 1317 1318
f 1313 1318 1314
f 1315 1319 1320
f 1315 1320 1316
f 1317 1321 1322
f 1317 1322 1318
f 1319 1323 1324
f 1319 1324 1320
f 1321 1325 1326
f 1321 1326 1322
f 1323 1327 1328
f 1323 1328 1324
f 1325 1329 1330
f 1325 1330 1326
f 1327 1331 1332
f 1327 1332 1328
f 1333 1329 1334
f 1333 1334 1335
f 1333 1335 1336
f 1333 1336 1330
f 1333 1330 1329
f 1337 1331 1338
f 1337 1338 1339
f 1337 1339 1340
f 1337 1340 1332
f 1337 1332 1331
f 1335 1341 1342
f 1335 1342 1336
f 1338 1343 1344
f 1338 1344 1339
f 1341 1345 1346
f 1341 1346 1342
f 1343 1347 1348
f 1343 1348 1344
f 1345 1349 1350
f 1345 1350 1346
f 1347 1351 1352
f 1347 1352 1348
f 1349 1353 1354
f 1349 1354 1350
f 1351 1355 1356
f 1351 1356 1352
f 1353 1357 1358
f 1353 1358 1354
f 1355 1359 1360
f 1355 1360 1356
f 1357 1361 1362
f 1357 1362 1358
f 1359 1363 1364
f 1359 1364 1360
f 1361 1365 1366
f 1361 1366 1362
f 1363 1367 1368
f 1363 1368 1364
f 1365 1369 1370
f 1365 1370 1366
f 1367 1371 1372
f 1367 1372 1368
f 1373 1369 1374
f 1373 1374 1375
f 1373 1375 1376
f 1373 1376 1370
f 1373 1370 1369
f 1377 1371 1378
f 1377 1378 1379
f 1377 1379 1380
f 1377 1380 1372
f 1377 1372 1371
f 1375 1381 1382
f 1375 1382 1376
f 1378 1383 1384
f 1378 1384 1379
f 1381 1385 1386
f 1381 1386 1382
f 1383 1387 1388
f 1383 1388 1384
f 1385 1389 1390
f 1385 1390 1386
f 1387 1391 1392
f 1387 1392 1388
f 1393 1389 1394
f 1393 1394 1395
f 1393 1395 1396
f 1393 1396 1390
f 1393 1390 1389
f 1394 1397 1398
f 1394 1398 1395
f 1395 1399 1400
f 1395 1400 1396
f 1397 1401 1402
f 1397 1402 1398
f 1399 1403 1404
f 1399 1404 1400
f 1403 1405 1406
f 1403 1406 1404
f 1391 1407 1408
f 1391 1408 1392
f 1401 1409 1410
f 1401 1410 1402
f 1405 1411 1412
f 1405 1412 1406
f 1411 1413 1414
f 1411 1414 1412
f 1407 1415 1416
f 1407 1416 1408
f 1413 1417 1418
f 1413 1418 1414
f 1415 1419 1420
f 1415 1420 1416
f 1409 1421 1422
f 1409 1422 1410
f 1417 1423 1424
f 1417 1424 1418
f 1423 1425 1426
f 1423 1426 1424
f 1419 1427 1428
f 1419 1428 1420
f 1421 1429 1430
f 1421 1430 1422
f 1425 1431 1432
f 1425 1432 1426
f 1431 1433 1434
f 1431 1434 1432
f 1427 1435 1436
f 1427 1436 1428
f 1433 1437 1438
f 1433 1438 1434
f 1435 1439 1440
f 1435 1440 1436
f 1437 1441 1442
f 1437 1442 1438
f 1439 1443 1444
f 1439 1444 1440
f 1429 1445 1446
f 1429 1446 1430
f 1441 1447 1448
f 1441 1448 1442
f 1447 1449 1450
f 1447 1450 1448
f 1443 1451 1452
f 1443 1452 1444
f 1449 1453 1454
f 1449 1454 1450
f 1451 1455 1456
f 1451 1456 1452
f 1453 1457 1458
f 1453 1458 1454
f 1455 1459 1460
f 1455 1460 1456
f 1457 1461 1462
f 1457 1462 1458
f 1459 1463 1464
f 1459 1464 1460
f 1465 1445 1466
f 1465 1466 1467
f 1465 1467 1468
f 1465 1468 1446
f 1465 1446 1445
f 1461 1469 1470
f 1461 1470 1462
f 1469 1471 1472
f 1469 1472 1470
f 1473 1463 1474
f 1473 1474 1475
f 1473 1475 1476
f 1473 1476 1464
f 1473 1464 1463
f 1471 1477 1478
f 1471 1478 1472
f 1474 1479 1480
f 1474 1480 1475
f 1477 1481 1482
f 1477 1482 1478
f 1479 1483 1484
f 1479 1484 1480
f 1481 1485 1486
f 1481 1486 1482
f 1483 1487 1488
f 1483 1488 1484
f 1485 1489 1490
f 1485 1490 1486
f 1487 1491 1492
f 1487 1492 1488
f 1489 1493 1494
f 1489 1494 1490
f 1491 1495 1496
f 1491 1496 1492
f 1493 1497 1498
f 1493 1498 1494
f 1495 1498 1499
f 1495 1499 1496
f 1467 1500 1501
f 1467 1501 1468
f 1502 1498 1497
f 1502 1497 1503
f 1502 1503 1504
f 1502 1504 1499
f 1502 1499 1498
f 1500 1505 1506
f 1500 1506 1501
f 1503 1507 1508
f 1503 1508 1504
f 1505 1509 1510
f 1505 1510 1506
f 1507 1511 1512
f 1507 1512 1508
f 1509 1513 1514
f 1509 1514 1510
f 1511 1515 1516
f 1511 1516 1512
f 1517 1513 1518
f 1517 1518 1519
f 1517 1519 1520
f 1517 1520 1514
f 1517 1514 1513
f 1521 1515 1522
f 1521 1522 1523
f 1521 1523 1524
f 1521 1524 1516
f 1521 1516 1515
f 1519 1525 1526
f 1519 1526 1520
f 1522 1527 1528
f 1522 1528 1523
f 1525 1529 1530
f 1525 1530 1526
f 1527 1531 1532
f 1527 1532 1528
f 1533 1529 1534
f 1533 1534 1535
f 1533 1535 1536
f 1533 1536 1530
f 1533 1530 1529
f 1537 1531 1538
f 1537 1538 1539
f 1537 1539 1540
f 1537 1540 1532
f 1537 1532 1531
f 1535 1541 1542
f 1535 1542 1536
f 1538 1543 1544
f 1538 1544 1539
f 1545 1541 1546
f 1545 1546 1547
f 1545 1547 1548
f 1545 1548 1542
f 1545 1542 1541
f 1549 1543 1550
f 1549 1550 1551
f 1549 1551 1552
f 1549 1552 1544
f 1549 1544 1543
f 1547 1553 1554
f 1547 1554 1548
f 1550 1555 1556
f 1550 1556 1551
f 1553 1557 1558
f 1553 1558 1554
f 1555 1559 1560
f 1555 1560 1556
f 1561 1557 1562
f 1561 1562 1563
f 1561 1563 1564
f 1561 1564 1558
f 1561 1558 1557
f 1565 1559 1566
f 1565 1566 1567
f 1565 1567 1568
f 1565 1568 1560
f 1565 1560 1559
f 1563 1569 1570
f 1563 1570 1564
f 1566 1571 1572
f 1566 1572 1567
f 1573 1569 1574
f 1573 1574 1575
f 1573 1575 1576
f 1573 1576 1570
f 1573 1570 1569
f 1577 1571 1578
f 1577 1578 1579
f 1577 1579 1580
f 1577 1580 1572
f 1577 1572 1571
f 1575 1581 1582
f 1575 1582 1576
f 1578 1583 1584
f 1578 1584 1579
f 1585 1581 1586
f 1585 1586 1587
f 1585 1587 1588
f 1585 1588 1582
f 1585 1582 1581
f 1589 1583 1590
f 1589 1590 1591
f 1589 1591 1592
f 1589 1592 1584
f 1589 1584 1583
f 1587 1593 1594
f 1587 1594 1588
f 1590 1595 1596
f 1590 1596 1591
f 1597 1593 1598
f 1597 1598 1599
f 1597 1599 1600
f 1597 1600 1594
f 1597 1594 1593
f 1601 1595 1602
f 1601 1602 1603
f 1601 1603 1604
f 1601 1604 1596
f 1601 1596 1595
f 1599 1605 1606
f 1599 1606 1600
f 1602 1607 1608
f 1602 1608 1603
f 1609 1605 1610
f 1609 1610 1611
f 1609 1611 1612
f 1609 1612 1606
f 1609 1606 1605
f 1613 1607 1614
f 1613 1614 1615
f 1613 1615 1616
f 1613 1616 1608
f 1613 1608 1607
f 1610 1617 1618
f 1610 1618 1611
f 1611 1619 1620
f 1611 1620 1612
f 1614 1621 1622
f 1614 1622 1615
f 1615 1623 1624
f 1615 1624 1616
f 1617 1625 1626
f 1617 1626 1618
f 1619 1627 1628
f 1619 1628 1620
f 1621 1629 1630
f 1621 1630 1622
f 1623 1631 1632
f 1623 1632 1624
f 1625 1633 1634
f 1625 1634 1626
f 1627 1635 1636
f 1627 1636 1628
f 1629 1637 1638
f 1629 1638 1630
f 1631 1639 1640
f 1631 1640 1632
f 1633 1641 1642
f 1633 1642 1634
f 1635 1643 1644
f 1635 1644 1636
f 1637 1645 1646
f 1637 1646 1638
f 1639 1647 1648
f 1639 1648 1640
f 1641 1649 1650
f 1641 1650 1642
f 1643 1651 1652
f 1643 1652 1644
f 1645 1653 1654
f 1645 1654 1646
f 1647 1655 1656
f 1647 1656 1648
f 1649 1657 1658
f 1649 1658 1650
f 1651 1659 1660
f 1651 1660 1652
f 1653 1661 1662
f 1653 1662 1654
f 1655 1663 1664
f 1655 1664 1656
f 1659 1665 1666
f 1659 1666 1660
f 1661 1667 1668
f 1661 1668 1662
f 1669 1657 1670
f 1669 1670 1671
f 1669 1671 1672
f 1669 1672 1658
f 1669 1658 1657
f 1665 1673 1674
f 1665 1674 1666
f 1667 1675 1676
f 1667 1676 1668
f 1677 1663 1678
f 1677 1678 1679
f 1677 1679 1680
f 1677 1680 1664
f 1677 1664 1663
f 1671 1681 1682
f 1671 1682 1672
f 1673 1683 1684
f 1673 1684 1674
f 1675 1685 1686
f 1675 1686 1676
f 1678 1687 1688
f 1678 1688 1679
f 1681 1689 1690
f 1681 1690 1682
f 1683 1691 1692
f 1683 1692 1684
f 1685 1693 1694
f 1685 1694 1686
f 1687 1695 1696
f 1687 1696 1688
f 1689 1697 1698
f 1689 1698 1690
f 1691 1699 1700
f 1691 1700 1692
f 1693 1701 1702
f 1693 1702 1694
f 1695 1703 1704
f 1695 1704 1696
f 1697 1705 1706
f 1697 1706 1698
f 1699 1707 1708
f 1699 1708 1700
f 1701 1709 1710
f 1701 1710 1702
f 1703 1711 1712
f 1703 1712 1704
f 1705 1713 1714
f 1705 1714 1706
f 1707 1715 1716
f 1707 1716 1708
f 1709 1717 1718
f 1709 1718 1710
f 1711 1719 1720
f 1711 1720 1712
f 1713 1721 1722
f 1713 1722 1714
f 1715 1723 1724
f 1715 1724 1716
f 1717 1725 1726
f 1717 1726 1718
f 1719 1727 1728
f 1719 1728 1720
f 1721 1729 1730
f 1721 1730 1722
f 1723 1731 1732
f 1723 1732 1724
f 1725 1733 1734
f 1725 1734 1726
f 1727 1735 1736
f 1727 1736 1728
f 1729 1737 1738
f 1729 1738 1730
f 1731 1739 1740
f 1731 1740 1732
f 1733 1741 1742
f 1733 1742 1734
f 1735 1743 1744
f 1735 1744 1736
f 1739 1745 1746
f 1739 1746 1740
f 1741 1747 1748
f 1741 1748 1742
f 1737 1749 1750
f 1737 1750 1738
f 1745 1751 1752
f 1745 1752 1746
f 1747 1753 1754
f 1747 1754 1748
f 1743 1755 1756
f 1743 1756 1744
f 1749 1757 1758
f 1749 1758 1750
f 1751 1759 1760
f 1751 1760 1752
f 1753 1761 1762
f 1753 1762 1754
f 1755 1763 1764
f 1755 1764 1756
f 1757 1765 1766
f 1757 1766 1758
f 1759 1767 1768
f 1759 1768 1760
f 1761 1769 1770
f 1761 1770 1762
f 1763 1771 1772
f 1763 1772 1764
f 1765 1773 1774
f 1765 1774 1766
f 1767 1775 1776
f 1767 1776 1768
f 1769 1777 1778
f 1769 1778 1770
f 1771 1779 1780
f 1771 1780 1772
f 1773 1781 1782
f 1773 1782 1774
f 1775 1783 1784
f 1775 1784 1776
f 1777 1785 1786
f 1777 1786 1778
f 1779 1787 1788
f 1779 1788 1780
f 1781 1789 1790
f 1781 1790 1782
f 1783 1791 1792
f 1783 1792 1784
f 1785 1793 1794
f 1785 1794 1786
f 1787 1795 1796
f 1787 1796 1788
f 1791 1797 1798
f 1791 1798 1792
f 1793 1799 1800
f 1793 1800 1794
f 1801 1789 1802
f 1801 1802 1803
f 1801 1803 1804
f 1801 1804 1790
f 1801 1790 1789
f 1797 1805 1806
f 1797 1806 1798
f 1799 1807 1808
f 1799 1808 1800
f 1809 1795 1810
f 1809 1810 1811
f 1809 1811 1812
f 1809 1812 1796
f 1809 1796 1795
f 1803 1813 1814
f 1803 1814 1804
f 1805 1815 1816
f 1805 1816 1806
f 1807 1817 1818
f 1807 1818 1808
f 1810 1819 1820
f 1810 1820 1811
f 1813 1821 1822
f 1813 1822 1814
f 1815 1823 1824
f 1815 1824 1816
f 1817 1825 1826
f 1817 1826 1818
f 1819 1827 1828
f 1819 1828 1820
f 1821 1829 1830
f 1821 1830 1822
f 1823 1831 1832
f 1823 1832 1824
f 1825 1833 1834
f 1825 1834 1826
f 1827 1835 1836
f 1827 1836 1828
f 1829 1837 1838
f 1829 1838 1830
f 1831 1839 1840
f 1831 1840 1832
f 1833 1841 1842
f 1833 1842 1834
f 1835 1843 1844
f 1835 1844 1836
f 1837 1845 1846
f 1837 1846 1838
f 1839 1847 1848
f 1839 1848 1840
f 1841 1849 1850
f 1841 1850 1842
f 1843 1851 1852
f 1843 1852 1844
f 1847 1853 1854
f 1847 1854 1848
f 1849 1855 1856
f 1849 1856 1850
f 1845 1857 1858
f 1845 1858 1846
f 1853 1859 1860
f 1853 1860 1854
f 1855 1861 1862
f 1855 1862 1856
f 1851 1863 1864
f 1851 1864 1852
f 1857 1865 1866
f 1857 1866 1858
f 1859 1867 1868
f 1859 1868 1860
f 1861 1869 1870
f 1861 1870 1862
f 1863 1871 1872
f 1863 1872 1864
f 1865 1873 1874
f 1865 1874 1866
f 1867 1875 1876
f 1867 1876 1868
f 1869 1877 1878
f 1869 1878 1870
f 1871 1879 1880
f 1871 1880 1872
f 1873 1881 1882
f 1873 1882 1874
f 1875 1883 1884
f 1875 1884 1876
f 1877 1885 1886
f 1877 1886 1878
f 1879 1887 1888
f 1879 1888 1880
f 1881 1889 1890
f 1881 1890 1882
f 1883 1891 1892
f 1883 1892 1884
f 1885 1893 1894
f 1885 1894 1886
f 1887 1895 278
f 1887 278 1888
f 1889 1896 1897
f 1889 1897 1890
f 1891 1898 1899
f 1891 1899 1892
f 1893 1900 1901
f 1893 1901 1894
f 1902 278 1895
f 1902 1895 1903
f 1902 1903 1082
f 1902 1082 279
f 1902 279 278
f 1896 1904 1905
f 1896 1905 1897
f 1898 1906 1907
f 1898 1907 1899
f 1900 1908 1909
f 1900 1909 1901
f 1903 1910 1083
f 1903 1083 1082
f 1904 1911 1912
f 1904 1912 1905
f 1906 1913 1914
f 1906 1914 1907
f 1908 1915 1916
f 1908 1916 1909
f 1910 1917 1084
f 1910 1084 1083
f 1911 1918 1919
f 1911 1919 1912
f 1913 1920 1921
f 1913 1921 1914
f 1915 1922 1923
f 1915 1923 1916
f 1917 1924 1085
f 1917 1085 1084
f 1920 1925 1926
f 1920 1926 1921
f 1922 1927 1928
f 1922 1928 1923
f 1918 1929 1930
f 1918 1930 1919
f 1925 1931 1932
f 1925 1932 1926
f 1927 1933 1934
f 1927 1934 1928
f 1924 1935 1086
f 1924 1086 1085
f 1929 1936 1937
f 1929 1937 1930
f 1931 1938 1939
f 1931 1939 1932
f 1933 1940 1941
f 1933 1941 1934
f 1935 1942 1087
f 1935 1087 1086
f 1936 1943 1944
f 1936 1944 1937
f 1938 1945 1946
f 1938 1946 1939
f 1940 1947 1948
f 1940 1948 1941
f 1942 1949 1088
f 1942 1088 1087
f 1943 1950 1951
f 1943 1951 1944
f 1945 1952 1953
f 1945 1953 1946
f 1947 1954 1955
f 1947 1955 1948
f 1949 1956 1089
f 1949 1089 1088
f 1950 1957 1958
f 1950 1958 1951
f 1952 1959 1960
f 1952 1960 1953
f 1954 1961 1962
f 1954 1962 1955
f 1956 1963 1090
f 1956 1090 1089
f 1957 1964 1965
f 1957 1965 1958
f 1959 1966 1967
f 1959 1967 1960
f 1961 1968 1969
f 1961 1969 1962
f 1963 1970 1091
f 1963 1091 1090
f 1966 1971 1972
f 1966 1972 1967
f 1968 1973 1974
f 1968 1974 1969
f 1975 1964 1976
f 1975 1976 1977
f 1975 1977 1978
f 1975 1978 1965
f 1975 1965 1964
f 1971 1979 1980
f 1971 1980 1972
f 1973 1981 1982
f 1973 1982 1974
f 1970 1983 1092
f 1970 1092 1091
f 1977 1984 1985
f 1977 1985 1978
f 1979 1986 1987
f 1979 1987 1980
f 1981 1988 1989
f 1981 1989 1982
f 1983 1990 1093
f 1983 1093 1092
f 1984 1991 1992
f 1984 1992 1985
f 1986 1993 1994
f 1986 1994 1987
f 1988 1995 1996
f 1988 1996 1989
f 1990 1997 1094
f 1990 1094 1093
f 1991 1998 1999
f 1991 1999 1992
f 1993 2000 2001
f 1993 2001 1994
f 1995 2002 2003
f 1995 2003 1996
f 1997 2004 1095
f 1997 1095 1094
f 1998 2005 2006
f 1998 2006 1999
f 2000 2007 2008
f 2000 2008 2001
f 2002 2009 2010
f 2002 2010 2003
f 2004 2011 1096
f 2004 1096 1095
f 2005 2012 2013
f 2005 2013 2006
f 2007 2014 2015
f 2007 2015 2008
f 2009 2016 2017
f 2009 2017 2010
f 2011 2018 1097
f 2011 1097 1096
f 2014 2019 2020
f 2014 2020 2015
f 2016 2021 2022
f 2016 2022 2017
f 2012 2023 2024
f 2012 2024 2013
f 2019 2025 2026
f 2019 2026 2020
f 2021 2027 2028
f 2021 2028 2022
f 2018 2029 1098
f 2018 1098 1097
f 2023 2030 2031
f 2023 2031 2024
f 2025 2032 2033
f 2025 2033 2026
f 2027 2034 2035
f 2027 2035 2028
f 2029 2036 1099
f 2029 1099 1098
f 2030 2037 2038
f 2030 2038 2031
f 2032 2039 2040
f 2032 2040 2033
f 2034 2041 2042
f 2034 2042 2035
f 2036 2043 1100
f 2036 1100 1099
f 2037 2044 2045
f 2037 2045 2038
f 2039 2046 2047
f 2039 2047 2040
f 2041 2048 2049
f 2041 2049 2042
f 2043 2050 1101
f 2043 1101 1100
f 2044 2051 2052
f 2044 2052 2045
f 2046 2053 2054
f 2046 2054 2047
f 2048 2055 2056
f 2048 2056 2049
f 2050 2057 1102
f 2050 1102 1101
f 2051 2058 2059
f 2051 2059 2052
f 2053 2060 2061
f 2053 2061 2054
f 2055 2062 2063
f 2055 2063 2056
f 2057 2064 1103
f 2057 1103 1102
f 2058 2065 2066
f 2058 2066 2059
f 2060 2067 2068
f 2060 2068 2061
f 2062 2069 2070
f 2062 2070 2063
f 2064 2071 1104
f 2064 1104 1103
f 2065 2072 2073
f 2065 2073 2066
f 2067 2074 2075
f 2067 2075 2068
f 2069 2076 2077
f 2069 2077 2070
f 2071 2078 1105
f 2071 1105 1104
f 2072 2079 2080
f 2072 2080 2073
f 2074 2081 2082
f 2074 2082 2075
f 2076 2083 2084
f 2076 2084 2077
f 2078 2085 1106
f 2078 1106 1105
f 2081 2086 2087
f 2081 2087 2082
f 2083 2088 2089
f 2083 2089 2084
f 2090 2079 2091
f 2090 2091 2092
f 2090 2092 2093
f 2090 2093 2080
f 2090 2080 2079
f 2086 2094 2095
f 2086 2095 2087
f 2088 2096 2097
f 2088 2097 2089
f 2085 2098 1107
f 2085 1107 1106
f 2092 2099 2100
f 2092 2100 2093
f 2094 2101 2102
f 2094 2102 2095
f 2096 2103 2104
f 2096 2104 2097
f 2098 2105 1108
f 2098 1108 1107
f 2099 2106 2107
f 2099 2107 2100
f 2101 2108 2109
f 2101 2109 2102
f 2103 2110 2111
f 2103 2111 2104
f 2105 2112 1109
f 2105 1109 1108
f 2106 2113 2114
f 2106 2114 2107
f 2108 2115 2116
f 2108 2116 2109
f 2110 2117 2118
f 2110 2118 2111
f 2112 2119 1110
f 2112 1110 1109
f 2113 2120 2121
f 2113 2121 2114
f 2115 2122 2123
f 2115 2123 2116
f 2117 2124 2125
f 2117 2125 2118
f 2119 2126 1111
f 2119 1111 1110
f 2120 2127 2128
f 2120 2128 2121
f 2122 2129 2130
f 2122 2130 2123
f 2124 2131 2132
f 2124 2132 2125
f 2126 2133 1112
f 2126 1112 1111
f 2127 2134 2135
f 2127 2135 2128
f 2129 2135 2136
f 2129 2136 2130
f 2131 2137 2138
f 2131 2138 2132
f 2133 2138 1113
f 2133 1113 1112
f 2139 2135 2134
f 2139 2134 2140
f 2139 2140 2141
f 2139 2141 2136
f 2139 2136 2135
f 2142 2138 2137
f 2142 2137 2143
f 2142 2143 1114
f 2142 1114 1113
f 2142 1113 2138
f 2140 2144 2145
f 2140 2145 2141
f 2143 2146 1115
f 2143 1115 1114
f 2147 2144 2148
f 2147 2148 2149
f 2147 2149 2150
f 2147 2150 2145
f 2147 2145 2144
f 2146 2151 1116
f 2146 1116 1115
f 2149 2152 2153
f 2149 2153 2150
f 2151 2154 1117
f 2151 1117 1116
f 2155 2152 2156
f 2155 2156 2157
f 2155 2157 2158
f 2155 2158 2153
f 2155 2153 2152
f 2154 2159 1118
f 2154 1118 1117
f 2157 2160 2161
f 2157 2161 2158
f 2159 2162 1119
f 2159 1119 1118
f 2163 2160 2164
f 2163 2164 2165
f 2163 2165 2166
f 2163 2166 2161
f 2163 2161 2160
f 2162 2167 1120
f 2162 1120 1119
f 2165 2168 2169
f 2165 2169 2166
f 2167 2170 1121
f 2167 1121 1120
f 2171 2168 2172
f 2171 2172 2173
f 2171 2173 2174
f 2171 2174 2169
f 2171 2169 2168
f 2170 2175 1122
f 2170 1122 1121
f 2173 2176 2177
f 2173 2177 2174
f 2175 2178 1123
f 2175 1123 1122
f 2176 2179 2180
f 2176 2180 2177
f 2178 2181 1124
f 2178 1124 1123
f 2182 2179 2183
f 2182 2183 2184
f 2182 2184 2185
f 2182 2185 2180
f 2182 2180 2179
f 2181 2186 1125
f 2181 1125 1124
f 2184 2187 2188
f 2184 2188 2185
f 2186 2189 1126
f 2186 1126 1125
f 2190 2187 2191
f 2190 2191 2192
f 2190 2192 2193
f 2190 2193 2188
f 2190 2188 2187
f 2189 2194 1127
f 2189 1127 1126
f 2192 2195 2196
f 2192 2196 2193
f 2194 2197 1128
f 2194 1128 1127
f 2195 2198 2199
f 2195 2199 2196
f 2197 2200 1129
f 2197 1129 1128
f 2201 2198 2202
f 2201 2202 2203
f 2201 2203 2204
f 2201 2204 2199
f 2201 2199 2198
f 2200 2205 1130
f 2200 1130 1129
f 2203 2206 2207
f 2203 2207 2204
f 2205 2208 1131
f 2205 1131 1130
f 2206 2209 2210
f 2206 2210 2207
f 2208 2211 1132
f 2208 1132 1131
f 2209 2212 2213
f 2209 2213 2210
f 2211 2214 1133
f 2211 1133 1132
f 2212 2215 2216
f 2212 2216 2213
f 2214 2217 1134
f 2214 1134 1133
f 2218 2215 2219
f 2218 2219 2220
f 2218 2220 2221
f 2218 2221 2216
f 2218 2216 2215
f 2217 2222 1135
f 2217 1135 1134
f 2220 2223 2224
f 2220 2224 2221
f 2222 2225 1136
f 2222 1136 1135
f 2223 2226 2227
f 2223 2227 2224
f 2225 2228 1137
f 2225 1137 1136
f 2226 2229 2230
f 2226 2230 2227
f 2228 2231 1138
f 2228 1138 1137
f 2229 2232 2233
f 2229 2233 2230
f 2231 2234 1139
f 2231 1139 1138
f 2232 2235 2236
f 2232 2236 2233
f 2234 2237 1140
f 2234 1140 1139
f 2235 2238 2239
f 2235 2239 2236
f 2237 2239 1141
f 2237 1141 1140
f 2240 2239 2238
f 2240 2238 2241
f 2240 2241 2242
f 2240 2242 2243
f 2240 2243 2244
f 2240 2244 2245
f 2240 2245 1149
f 2240 1149 1142
f 2240 1142 1141
f 2240 1141 2239
f 1149 1148 1143
f 1149 1143 1142
f 2246 2245 2247
f 2246 2247 2248
f 2246 2248 2249
f 2246 2249 2250
f 2246 2250 2251
f 2246 2251 2252
f 2246 2252 2253
f 2246 2253 2254
f 2246 2254 2255
f 2246 2255 2256
f 2246 2256 2257
f 2246 2257 2258
f 2246 2258 2259
f 2246 2259 2260
f 2246 2260 2261
f 2246 2261 2262
f 2246 2262 2263
f 2246 2263 2264
f 2246 2264 2265
f 2246 2265 2266
f 2246 2266 2267
f 2246 2267 2268
f 2246 2268 2269
f 2246 2269 2270
f 2246 2270 2271
f 2246 2271 2272
f 2246 2272 2273
f 2246 2273 2274
f 2246 2274 2275
f 2246 2275 2276
f 2246 2276 2277
f 2246 2277 2278
f 2246 2278 2279
f 2246 2279 2280
f 2246 2280 2281
f 2246 2281 1149
f 2246 1149 2245
f 2282 2283 2284
f 2282 2284 2285
f 2282 2285 2286
f 2282 2286 2287
f 2282 2287 2288
f 2282 2288 2289
f 2282 2289 2290
f 2282 2290 2291
f 2282 2291 2292
f 2282 2292 2293
f 2282 2293 2294
f 2282 2294 2295
f 2282 2295 2296
f 2282 2296 2297
f 2282 2297 2298
f 2282 2298 2299
f 2282 2299 2300
f 2282 2300 2301
f 2282 2301 2302
f 2282 2302 2303
f 2282 2303 2304
f 2282 2304 2305
f 2282 2305 2306
f 2282 2306 2307
f 2282 2307 2308
f 2282 2308 2309
f 2282 2309 2310
f 2282 2310 2311
f 2282 2311 2312
f 2282 2312 2313
f 2282 2313 2314
f 2282 2314 2315
f 2282 2315 2316
f 2282 2316 2317
f 2282 2317 2318
f 2282 2318 2319
f 2282 2319 2320
f 2282 2320 2283
f 2301 2321 2322
f 2301 2322 2302
f 2302 2323 2324
f 2302 2324 2303
f 2321 2325 2326
f 2321 2326 2322
f 2323 2327 2328
f 2323 2328 2324
f 2325 2329 2330
f 2325 2330 2326
f 2327 2331 2332
f 2327 2332 2328
f 2329 2333 2334
f 2329 2334 2330
f 2331 2335 2336
f 2331 2336 2332
f 2333 2337 2338
f 2333 2338 2334
f 2335 2339 2340
f 2335 2340 2336
f 2337 2341 2342
f 2337 2342 2338
f 2339 2343 2344
f 2339 2344 2340
f 2341 2345 2346
f 2341 2346 2342
f 2343 2347 2348
f 2343 2348 2344
f 2345 2349 2350
f 2345 2350 2346
f 2347 2351 2352
f 2347 2352 2348
f 2349 2353 2354
f 2349 2354 2350
f 2351 2355 2356
f 2351 2356 2352
f 2353 2357 2358
f 2353 2358 2354
f 2355 2359 2360
f 2355 2360 2356
f 2357 2361 2362
f 2357 2362 2358
f 2359 2363 2364
f 2359 2364 2360
f 2361 2365 2366
f 2361 2366 2362
f 2363 2367 2368
f 2363 2368 2364
f 2365 2369 2370
f 2365 2370 2366
f 2367 2371 2372
f 2367 2372 2368
f 2369 2373 2374
f 2369 2374 2370
f 2371 2375 2376
f 2371 2376 2372
f 2377 2373 2378
f 2377 2378 2379
f 2377 2379 2380
f 2377 2380 2374
f 2377 2374 2373
f 2381 2375 2382
f 2381 2382 2383
f 2381 2383 2384
f 2381 2384 2376
f 2381 2376 2375
f 2379 2385 2386
f 2379 2386 2380
f 2382 2387 2388
f 2382 2388 2383
f 2385 2389 2390
f 2385 2390 2386
f 2387 2391 2392
f 2387 2392 2388
f 2389 2393 2394
f 2389 2394 2390
f 2391 2395 2396
f 2391 2396 2392
f 2393 2397 2398
f 2393 2398 2394
f 2395 2399 2400
f 2395 2400 2396
f 2397 2401 2402
f 2397 2402 2398
f 2399 2403 2404
f 2399 2404 2400
f 2401 2405 2406
f 2401 2406 2402
f 2403 2407 2408
f 2403 2408 2404
f 2405 2409 2410
f 2405 2410 2406
f 2407 2411 2412
f 2407 2412 2408
f 2409 2413 2414
f 2409 2414 2410
f 2411 2415 2416
f 2411 2416 2412
f 2413 2417 2418
f 2413 2418 2414
f 2415 2419 2420
f 2415 2420 2416
f 2421 2417 2422
f 2421 2422 2423
f 2421 2423 2424
f 2421 2424 2418
f 2421 2418 2417
f 2425 2419 2426
f 2425 2426 2427
f 2425 2427 2428
f 2425 2428 2420
f 2425 2420 2419
f 2423 2429 2430
f 2423 2430 2424
f 2426 2431 2432
f 2426 2432 2427
f 2429 2433 2434
f 2429 2434 2430
f 2431 2435 2436
f 2431 2436 2432
f 2433 2437 2438
f 2433 2438 2434
f 2435 2439 2440
f 2435 2440 2436
f 2437 2441 2442
f 2437 2442 2438
f 2439 2443 2444
f 2439 2444 2440
f 2441 2445 2446
f 2441 2446 2442
f 2443 2447 2448
f 2443 2448 2444
f 2445 2449 2450
f 2445 2450 2446
f 2447 2451 2452
f 2447 2452 2448
f 2449 2453 2454
f 2449 2454 2450
f 2451 2455 2456
f 2451 2456 2452
f 2453 2457 2458
f 2453 2458 2454
f 2455 2459 2460
f 2455 2460 2456
f 2461 2457 2462
f 2461 2462 2463
f 2461 2463 2464
f 2461 2464 2458
f 2461 2458 2457
f 2465 2459 2466
f 2465 2466 2467
f 2465 2467 2468
f 2465 2468 2460
f 2465 2460 2459
f 2463 2469 2470
f 2463 2470 2464
f 2466 2471 2472
f 2466 2472 2467
f 2469 2473 2474
f 2469 2474 2470
f 2471 2475 2476
f 2471 2476 2472
f 2473 2477 2478
f 2473 2478 2474
f 2475 2479 2480
f 2475 2480 2476
f 2477 2481 2482
f 2477 2482 2478
f 2479 2483 2484
f 2479 2484 2480
f 2481 2485 2486
f 2481 2486 2482
f 2483 2487 2488
f 2483 2488 2484
f 2485 2489 2490
f 2485 2490 2486
f 2487 2491 2492
f 2487 2492 2488
f 2489 2493 2494
f 2489 2494 2490
f 2491 2495 2496
f 2491 2496 2492
f 2493 2497 2498
f 2493 2498 2494
f 2495 2499 2500
f 2495 2500 2496
f 2501 2497 2502
f 2501 2502 2503
f 2501 2503 2504
f 2501 2504 2498
f 2501 2498 2497
f 2505 2499 2506
f 2505 2506 2507
f 2505 2507 2508
f 2505 2508 2500
f 2505 2500 2499
f 2503 2509 2510
f 2503 2510 2504
f 2506 2511 2512
f 2506 2512 2507
f 2509 2513 2514
f 2509 2514 2510
f 2511 2515 2516
f 2511 2516 2512
f 2513 2517 2518
f 2513 2518 2514
f 2515 2519 2520
f 2515 2520 2516
f 2521 2519 2522
f 2521 2522 2523
f 2521 2523 2524
f 2521 2524 2520
f 2521 2520 2519
f 2522 2525 2526
f 2522 2526 2523
f 2523 2527 2528
f 2523 2528 2524
f 2525 2529 2530
f 2525 2530 2526
f 2527 2531 2532
f 2527 2532 2528
f 2517 2533 2534
f 2517 2534 2518
f 2529 2535 2536
f 2529 2536 2530
f 2535 2537 2538
f 2535 2538 2536
f 2531 2539 2540
f 2531 2540 2532
f 2533 2541 2542
f 2533 2542 2534
f 2537 2543 2544
f 2537 2544 2538
f 2541 2545 2546
f 2541 2546 2542
f 2543 2547 2548
f 2543 2548 2544
f 2547 2549 2550
f 2547 2550 2548
f 2539 2551 2552
f 2539 2552 2540
f 2545 2553 2554
f 2545 2554 2546
f 2549 2555 2556
f 2549 2556 2550
f 2555 2557 2558
f 2555 2558 2556
f 2551 2559 2560
f 2551 2560 2552
f 2553 2561 2562
f 2553 2562 2554
f 2557 2563 2564
f 2557 2564 2558
f 2561 2565 2566
f 2561 2566 2562
f 2563 2567 2568
f 2563 2568 2564
f 2565 2569 2570
f 2565 2570 2566
f 2567 2571 2572
f 2567 2572 2568
f 2571 2573 2574
f 2571 2574 2572
f 2559 2575 2576
f 2559 2576 2560
f 2569 2577 2578
f 2569 2578 2570
f 2573 2579 2580
f 2573 2580 2574
f 2577 2581 2582
f 2577 2582 2578
f 2579 2583 2584
f 2579 2584 2580
f 2581 2585 2586
f 2581 2586 2582
f 2583 2587 2588
f 2583 2588 2584
f 2585 2589 2590
f 2585 2590 2586
f 2587 2591 2592
f 2587 2592 2588
f 2591 2593 2594
f 2591 2594 2592
f 2595 2575 2596
f 2595 2596 2597
f 2595 2597 2598
f 2595 2598 2576
f 2595 2576 2575
f 2599 2589 2600
f 2599 2600 2601
f 2599 2601 2602
f 2599 2602 2590
f 2599 2590 2589
f 2593 2603 2604
f 2593 2604 2594
f 2601 2605 2606
f 2601 2606 2602
f 2603 2607 2608
f 2603 2608 2604
f 2605 2609 2610
f 2605 2610 2606
f 2607 2611 2612
f 2607 2612 2608
f 2609 2613 2614
f 2609 2614 2610
f 2611 2615 2616
f 2611 2616 2612
f 2613 2617 2618
f 2613 2618 2614
f 2615 2619 2620
f 2615 2620 2616
f 2617 2621 2622
f 2617 2622 2618
f 2619 2623 2624
f 2619 2624 2620
f 2621 2625 2626
f 2621 2626 2622
f 2623 2626 2627
f 2623 2627 2624
f 2628 2626 2625
f 2628 2625 2629
f 2628 2629 2630
f 2628 2630 2627
f 2628 2627 2626
f 2596 2631 2632
f 2596 2632 2597
f 2629 2633 2634
f 2629 2634 2630
f 2631 2635 2636
f 2631 2636 2632
f 2633 2637 2638
f 2633 2638 2634
f 2635 2639 2640
f 2635 2640 2636
f 2637 2641 2642
f 2637 2642 2638
f 2639 2643 2644
f 2639 2644 2640
f 2645 2641 2646
f 2645 2646 2647
f 2645 2647 2648
f 2645 2648 2642
f 2645 2642 2641
f 2649 2643 2650
f 2649 2650 2651
f 2649 2651 2652
f 2649 2652 2644
f 2649 2644 2643
f 2647 2653 2654
f 2647 2654 2648
f 2650 2655 2656
f 2650 2656 2651
f 2653 2657 2658
f 2653 2658 2654
f 2655 2659 2660
f 2655 2660 2656
f 2661 2657 2662
f 2661 2662 2663
f 2661 2663 2664
f 2661 2664 2658
f 2661 2658 2657
f 2665 2659 2666
f 2665 2666 2667
f 2665 2667 2668
f 2665 2668 2660
f 2665 2660 2659
f 2663 2669 2670
f 2663 2670 2664
f 2666 2671 2672
f 2666 2672 2667
f 2673 2669 2674
f 2673 2674 2675
f 2673 2675 2676
f 2673 2676 2670
f 2673 2670 2669
f 2677 2671 2678
f 2677 2678 2679
f 2677 2679 2680
f 2677 2680 2672
f 2677 2672 2671
f 2675 2681 2682
f 2675 2682 2676
f 2678 2683 2684
f 2678 2684 2679
f 2681 2685 2686
f 2681 2686 2682
f 2683 2687 2688
f 2683 2688 2684
f 2689 2685 2690
f 2689 2690 2691
f 2689 2691 2692
f 2689 2692 2686
f 2689 2686 2685
f 2693 2687 2694
f 2693 2694 2695
f 2693 2695 2696
f 2693 2696 2688
f 2693 2688 2687
f 2691 2697 2698
f 2691 2698 2692
f 2694 2699 2700
f 2694 2700 2695
f 2701 2697 2702
f 2701 2702 2703
f 2701 2703 2704
f 2701 2704 2698
f 2701 2698 2697
f 2705 2699 2706
f 2705 2706 2707
f 2705 2707 2708
f 2705 2708 2700
f 2705 2700 2699
f 2703 2709 2710
f 2703 2710 2704
f 2706 2711 2712
f 2706 2712 2707
f 2713 2709 2714
f 2713 2714 2715
f 2713 2715 2716
f 2713 2716 2710
f 2713 2710 2709
f 2717 2711 2718
f 2717 2718 2719
f 2717 2719 2720
f 2717 2720 2712
f 2717 2712 2711
f 2715 2721 2722
f 2715 2722 2716
f 2718 2723 2724
f 2718 2724 2719
f 2725 2721 2726
f 2725 2726 2727
f 2725 2727 2728
f 2725 2728 2722
f 2725 2722 2721
f 2729 2723 2730
f 2729 2730 2731
f 2729 2731 2732
f 2729 2732 2724
f 2729 2724 2723
f 2727 2733 2734
f 2727 2734 2728
f 2730 2735 2736
f 2730 2736 2731
f 2737 2733 2738
f 2737 2738 2739
f 2737 2739 2740
f 2737 2740 2734
f 2737 2734 2733
f 2741 2735 2742
f 2741 2742 2743
f 2741 2743 2744
f 2741 2744 2736
f 2741 2736 2735
f 2738 2745 2746
f 2738 2746 2739
f 2739 2747 2748
f 2739 2748 2740
f 2742 2749 2750
f 2742 2750 2743
f 2743 2751 2752
f 2743 2752 2744
f 2745 2753 2754
f 2745 2754 2746
f 2747 2755 2756
f 2747 2756 2748
f 2749 2757 2758
f 2749 2758 2750
f 2751 2759 2760
f 2751 2760 2752
f 2753 2761 2762
f 2753 2762 2754
f 2755 2763 2764
f 2755 2764 2756
f 2757 2765 2766
f 2757 2766 2758
f 2759 2767 2768
f 2759 2768 2760
f 2761 2769 2770
f 2761 2770 2762
f 2763 2771 2772
f 2763 2772 2764
f 2765 2773 2774
f 2765 2774 2766
f 2767 2775 2776
f 2767 2776 2768
f 2769 2777 2778
f 2769 2778 2770
f 2771 2779 2780
f 2771 2780 2772
f 2773 2781 2782
f 2773 2782 2774
f 2775 2783 2784
f 2775 2784 2776
f 2777 2785 2786
f 2777 2786 2778
f 2779 2787 2788
f 2779 2788 2780
f 2781 2789 2790
f 2781 2790 2782
f 2783 2791 2792
f 2783 2792 2784
f 2787 2793 2794
f 2787 2794 2788
f 2789 2795 2796
f 2789 2796 2790
f 2797 2785 2798
f 2797 2798 2799
f 2797 2799 2800
f 2797 2800 2786
f 2797 2786 2785
f 2793 2801 2802
f 2793 2802 2794
f 2795 2803 2804
f 2795 2804 2796
f 2805 2791 2806
f 2805 2806 2807
f 2805 2807 2808
f 2805 2808 2792
f 2805 2792 2791
f 2799 2809 2810
f 2799 2810 2800
f 2801 2811 2812
f 2801 2812 2802
f 2803 2813 2814
f 2803 2814 2804
f 2806 2815 2816
f 2806 2816 2807
f 2809 2817 2818
f 2809 2818 2810
f 2811 2819 2820
f 2811 2820 2812
f 2813 2821 2822
f 2813 2822 2814
f 2815 2823 2824
f 2815 2824 2816
f 2817 2825 2826
f 2817 2826 2818
f 2819 2827 2828
f 2819 2828 2820
f 2821 2829 2830
f 2821 2830 2822
f 2823 2831 2832
f 2823 2832 2824
f 2825 2833 2834
f 2825 2834 2826
f 2827 2835 2836
f 2827 2836 2828
f 2829 2837 2838
f 2829 2838 2830
f 2831 2839 2840
f 2831 2840 2832
f 2833 2841 2842
f 2833 2842 2834
f 2835 2843 2844
f 2835 2844 2836
f 2837 2845 2846
f 2837 2846 2838
f 2839 2847 2848
f 2839 2848 2840
f 2841 2849 2850
f 2841 2850 2842
f 2843 2851 2852
f 2843 2852 2844
f 2845 2853 2854
f 2845 2854 2846
f 2847 2855 2856
f 2847 2856 2848
f 2849 2857 2858
f 2849 2858 2850
f 2851 2859 2860
f 2851 2860 2852
f 2853 2861 2862
f 2853 2862 2854
f 2855 2863 2864
f 2855 2864 2856
f 2857 2865 2866
f 2857 2866 2858
f 2859 2867 2868
f 2859 2868 2860
f 2861 2869 2870
f 2861 2870 2862
f 2863 2871 2872
f 2863 2872 2864
f 2867 2873 2874
f 2867 2874 2868
f 2869 2875 2876
f 2869 2876 2870
f 2865 2877 2878
f 2865 2878 2866
f 2873 2879 2880
f 2873 2880 2874
f 2875 2881 2882
f 2875 2882 2876
f 2871 2883 2884
f 2871 2884 2872
f 2877 2885 2886
f 2877 2886 2878
f 2879 2887 2888
f 2879 2888 2880
f 2881 2889 2890
f 2881 2890 2882
f 2883 2891 2892
f 2883 2892 2884
f 2885 2893 2894
f 2885 2894 2886
f 2887 2895 2896
f 2887 2896 2888
f 2889 2897 2898
f 2889 2898 2890
f 2891 2899 2900
f 2891 2900 2892
f 2893 2901 2902
f 2893 2902 2894
f 2895 2903 2904
f 2895 2904 2896
f 2897 2905 2906
f 2897 2906 2898
f 2899 2907 2908
f 2899 2908 2900
f 2901 2909 2910
f 2901 2910 2902
f 2903 2911 2912
f 2903 2912 2904
f 2905 2913 2914
f 2905 2914 2906
f 2907 2915 2916
f 2907 2916 2908
f 2909 2917 2918
f 2909 2918 2910
f 2911 2919 2920
f 2911 2920 2912
f 2913 2921 2922
f 2913 2922 2914
f 2915 2923 2924
f 2915 2924 2916
f 2919 2925 2926
f 2919 2926 2920
f 2921 2927 2928
f 2921 2928 2922
f 2929 2917 2930
f 2929 2930 2931
f 2929 2931 2932
f 2929 2932 2918
f 2929 2918 2917
f 2925 2933 2934
f 2925 2934 2926
f 2927 2935 2936
f 2927 2936 2928
f 2937 2923 2938
f 2937 2938 2939
f 2937 2939 2940
f 2937 2940 2924
f 2937 2924 2923
f 2931 2941 2942
f 2931 2942 2932
f 2933 2943 2944
f 2933 2944 2934
f 2935 2945 2946
f 2935 2946 2936
f 2938 2947 2948
f 2938 2948 2939
f 2941 2949 2950
f 2941 2950 2942
f 2943 2951 2952
f 2943 2952 2944
f 2945 2953 2954
f 2945 2954 2946
f 2947 2955 2956
f 2947 2956 2948
f 2949 2957 2958
f 2949 2958 2950
f 2951 2959 2960
f 2951 2960 2952
f 2953 2961 2962
f 2953 2962 2954
f 2955 2963 2964
f 2955 2964 2956
f 2957 2965 2966
f 2957 2966 2958
f 2959 2967 2968
f 2959 2968 2960
f 2961 2969 2970
f 2961 2970 2962
f 2963 2971 2972
f 2963 2972 2964
f 2965 2973 2974
f 2965 2974 2966
f 2967 2975 2976
f 2967 2976 2968
f 2969 2977 2978
f 2969 2978 2970
f 2971 2979 2980
f 2971 2980 2972
f 2975 2981 2982
f 2975 2982 2976
f 2977 2983 2984
f 2977 2984 2978
f 2973 2985 2986
f 2973 2986 2974
f 2981 2987 2988
f 2981 2988 2982
f 2983 2989 2990
f 2983 2990 2984
f 2979 2991 2992
f 2979 2992 2980
f 2985 2993 2994
f 2985 2994 2986
f 2987 2995 2996
f 2987 2996 2988
f 2989 2997 2998
f 2989 2998 2990
f 2991 2999 3000
f 2991 3000 2992
f 2993 3001 3002
f 2993 3002 2994
f 2995 3003 3004
f 2995 3004 2996
f 2997 3005 3006
f 2997 3006 2998
f 2999 3007 3008
f 2999 3008 3000
f 3001 3009 3010
f 3001 3010 3002
f 3003 3011 3012
f 3003 3012 3004
f 3005 3013 3014
f 3005 3014 3006
f 3007 3015 3016
f 3007 3016 3008
f 3009 277 3017
f 3009 3017 3010
f 3011 3018 3019
f 3011 3019 3012
f 3013 3020 3021
f 3013 3021 3014
f 3015 3022 3023
f 3015 3023 3016
f 277 3024 3025
f 277 3025 3017
f 3018 3026 3027
f 3018 3027 3019
f 3020 3028 3029
f 3020 3029 3021
f 3022 3030 3031
f 3022 3031 3023
f 3024 3032 3033
f 3024 3033 3025
f 3026 3034 3035
f 3026 3035 3027
f 3028 3036 3037
f 3028 3037 3029
f 3030 3038 3039
f 3030 3039 3031
f 3032 3040 3041
f 3032 3041 3033
f 3034 3042 3043
f 3034 3043 3035
f 3036 3044 3045
f 3036 3045 3037
f 3038 3046 3047
f 3038 3047 3039
f 3040 3048 3049
f 3040 3049 3041
f 3042 3050 3051
f 3042 3051 3043
f 3044 3052 3053
f 3044 3053 3045
f 3046 3054 3055
f 3046 3055 3047
f 3050 3056 3057
f 3050 3057 3051
f 3052 3058 3059
f 3052 3059 3053
f 3048 3060 3061
f 3048 3061 3049
f 3056 3062 3063
f 3056 3063 3057
f 3058 3064 3065
f 3058 3065 3059
f 3054 3066 3067
f 3054 3067 3055
f 3060 3068 3069
f 3060 3069 3061
f 3062 3070 3071
f 3062 3071 3063
f 3064 3072 3073
f 3064 3073 3065
f 3066 3074 3075
f 3066 3075 3067
f 3068 3076 3077
f 3068 3077 3069
f 3070 3078 3079
f 3070 3079 3071
f 3072 3080 3081
f 3072 3081 3073
f 3074 3082 3083
f 3074 3083 3075
f 3076 3084 3085
f 3076 3085 3077
f 3078 3086 3087
f 3078 3087 3079
f 3080 3088 3089
f 3080 3089 3081
f 3082 3090 3091
f 3082 3091 3083
f 3084 3092 3093
f 3084 3093 3085
f 3086 3094 3095
f 3086 3095 3087
f 3088 3096 3097
f 3088 3097 3089
f 3090 3098 3099
f 3090 3099 3091
f 3092 3100 3101
f 3092 3101 3093
f 3094 3102 3103
f 3094 3103 3095
f 3096 3104 3105
f 3096 3105 3097
f 3098 3106 3107
f 3098 3107 3099
f 3102 3108 3109
f 3102 3109 3103
f 3104 3110 3111
f 3104 3111 3105
f 3112 3100 3113
f 3112 3113 3114
f 3112 3114 3115
f 3112 3115 3101
f 3112 3101 3100
f 3108 3116 3117
f 3108 3117 3109
f 3110 3118 3119
f 3110 3119 3111
f 3120 3106 3121
f 3120 3121 3122
f 3120 3122 3123
f 3120 3123 3107
f 3120 3107 3106
f 3114 3124 3125
f 3114 3125 3115
f 3116 3126 3127
f 3116 3127 3117
f 3118 3128 3129
f 3118 3129 3119
f 3121 3130 3131
f 3121 3131 3122
f 3124 3132 3133
f 3124 3133 3125
f 3126 3134 3135
f 3126 3135 3127
f 3128 3136 3137
f 3128 3137 3129
f 3130 3138 3139
f 3130 3139 3131
f 3132 3140 3141
f 3132 3141 3133
f 3134 3142 3143
f 3134 3143 3135
f 3136 3144 3145
f 3136 3145 3137
f 3138 3146 3147
f 3138 3147 3139
f 3140 3148 3149
f 3140 3149 3141
f 3142 3150 3151
f 3142 3151 3143
f 3144 3152 3153
f 3144 3153 3145
f 3146 3154 3155
f 3146 3155 3147
f 3148 3156 3157
f 3148 3157 3149
f 3150 3158 3159
f 3150 3159 3151
f 3152 3160 3161
f 3152 3161 3153
f 3154 3162 3163
f 3154 3163 3155
f 3158 3164 3165
f 3158 3165 3159
f 3160 3166 3167
f 3160 3167 3161
f 3156 3168 3169
f 3156 3169 3157
f 3164 3170 3171
f 3164 3171 3165
f 3166 3172 3173
f 3166 3173 3167
f 3162 3174 3175
f 3162 3175 3163
f 3168 3176 3177
f 3168 3177 3169
f 3170 3178 3179
f 3170 3179 3171
f 3172 3180 3181
f 3172 3181 3173
f 3174 3182 3183
f 3174 3183 3175
f 3176 3184 3185
f 3176 3185 3177
f 3178 3186 3187
f 3178 3187 3179
f 3180 3188 3189
f 3180 3189 3181
f 3182 3190 3191
f 3182 3191 3183
f 3184 3192 3193
f 3184 3193 3185
f 3186 3194 3195
f 3186 3195 3187
f 3188 3196 3197
f 3188 3197 3189
f 3190 3198 3199
f 3190 3199 3191
f 3192 3200 3201
f 3192 3201 3193
f 3194 3202 3203
f 3194 3203 3195
f 3196 3204 3205
f 3196 3205 3197
f 3198 3206 3207
f 3198 3207 3199
f 3200 3208 3209
f 3200 3209 3201
f 3202 3210 3211
f 3202 3211 3203
f 3204 3212 3213
f 3204 3213 3205
f 3206 3214 3215
f 3206 3215 3207
f 3208 3216 3217
f 3208 3217 3209
f 3210 3218 3219
f 3210 3219 3211
f 3212 3220 3221
f 3212 3221 3213
f 3214 3222 3223
f 3214 3223 3215
f 3216 3224 3225
f 3216 3225 3217
f 3218 3226 3227
f 3218 3227 3219
f 3220 3228 3229
f 3220 3229 3221
f 3222 3230 3231
f 3222 3231 3223
f 3224 3232 3233
f 3224 3233 3225
f 3226 3234 3235
f 3226 3235 3227
f 3228 3236 3237
f 3228 3237 3229
f 3230 3238 3239
f 3230 3239 3231
f 3234 3240 3241
f 3234 3241 3235
f 3236 3242 3243
f 3236 3243 3237
f 3244 3232 3245
f 3244 3245 3246
f 3244 3246 3247
f 3244 3247 3233
f 3244 3233 3232
f 3240 3248 3249
f 3240 3249 3241
f 3242 3250 3251
f 3242 3251 3243
f 3252 3238 3253
f 3252 3253 3254
f 3252 3254 3255
f 3252 3255 3239
f 3252 3239 3238
f 3246 3256 3257
f 3246 3257 3247
f 3248 3258 3259
f 3248 3259 3249
f 3250 3260 3261
f 3250 3261 3251
f 3253 3262 3263
f 3253 3263 3254
f 3256 3264 3265
f 3256 3265 3257
f 3258 3266 3267
f 3258 3267 3259
f 3260 3268 3269
f 3260 3269 3261
f 3262 3270 3271
f 3262 3271 3263
f 3264 3272 3273
f 3264 3273 3265
f 3266 3274 3275
f 3266 3275 3267
f 3268 3276 3277
f 3268 3277 3269
f 3270 3278 3279
f 3270 3279 3271
f 3272 3280 3281
f 3272 3281 3273
f 3274 3282 3283
f 3274 3283 3275
f 3276 3284 3285
f 3276 3285 3277
f 3278 3286 3287
f 3278 3287 3279
f 3280 3288 3289
f 3280 3289 3281
f 3282 3290 3291
f 3282 3291 3283
f 3284 3292 3293
f 3284 3293 3285
f 3286 3294 3295
f 3286 3295 3287
f 3288 3296 3297
f 3288 3297 3289
f 3290 3297 3298
f 3290 3298 3291
f 3292 3299 3300
f 3292 3300 3293
f 3294 3300 3301
f 3294 3301 3295
f 3302 3297 3296
f 3302 3296 3303
f 3302 3303 3304
f 3302 3304 3298
f 3302 3298 3297
f 3305 3300 3299
f 3305 3299 3306
f 3305 3306 3307
f 3305 3307 3301
f 3305 3301 3300
f 3303 3308 3309
f 3303 3309 3304
f 3306 3310 3311
f 3306 3311 3307
f 3312 3308 3313
f 3312 3313 3314
f 3312 3314 3315
f 3312 3315 3309
f 3312 3309 3308
f 3316 3310 3317
f 3316 3317 3318
f 3316 3318 3319
f 3316 3319 3311
f 3316 3311 3310
f 3314 3320 3321
f 3314 3321 3315
f 3317 3322 3323
f 3317 3323 3318
f 3324 3320 3325
f 3324 3325 3326
f 3324 3326 3327
f 3324 3327 3321
f 3324 3321 3320
f 3328 3322 3329
f 3328 3329 3330
f 3328 3330 3331
f 3328 3331 3323
f 3328 3323 3322
f 3326 3332 3333
f 3326 3333 3327
f 3329 3334 3335
f 3329 3335 3330
f 3336 3332 3337
f 3336 3337 3338
f 3336 3338 3339
f 3336 3339 3333
f 3336 3333 3332
f 3340 3334 3341
f 3340 3341 3342
f 3340 3342 3343
f 3340 3343 3335
f 3340 3335 3334
f 3338 3344 3345
f 3338 3345 3339
f 3341 3346 3347
f 3341 3347 3342
f 3348 3344 3349
f 3348 3349 3350
f 3348 3350 3351
f 3348 3351 3345
f 3348 3345 3344
f 3352 3346 3353
f 3352 3353 3354
f 3352 3354 3355
f 3352 3355 3347
f 3352 3347 3346
f 3350 3356 3357
f 3350 3357 3351
f 3353 3358 3359
f 3353 3359 3354
f 3356 3360 3361
f 3356 3361 3357
f 3358 3362 3363
f 3358 3363 3359
f 3364 3360 3365
f 3364 3365 3366
f 3364 3366 3367
f 3364 3367 3361
f 3364 3361 3360
f 3368 3362 3369
f 3368 3369 3370
f 3368 3370 3371
f 3368 3371 3363
f 3368 3363 3362
f 3366 3372 3373
f 3366 3373 3367
f 3369 3374 3375
f 3369 3375 3370
f 3376 3372 3377
f 3376 3377 3378
f 3376 3378 3379
f 3376 3379 3373
f 3376 3373 3372
f 3380 3374 3381
f 3380 3381 3382
f 3380 3382 3383
f 3380 3383 3375
f 3380 3375 3374
f 3378 3384 3385
f 3378 3385 3379
f 3381 3386 3387
f 3381 3387 3382
f 3384 3388 3389
f 3384 3389 3385
f 3386 3390 3391
f 3386 3391 3387
f 3392 3388 3393
f 3392 3393 3394
f 3392 3394 3395
f 3392 3395 3389
f 3392 3389 3388
f 3396 3390 3397
f 3396 3397 3398
f 3396 3398 3399
f 3396 3399 3391
f 3396 3391 3390
f 3394 3400 3401
f 3394 3401 3395
f 3397 3402 3403
f 3397 3403 3398
f 3400 3404 3405
f 3400 3405 3401
f 3402 3406 3407
f 3402 3407 3403
f 3404 3408 3409
f 3404 3409 3405
f 3406 3410 3411
f 3406 3411 3407
f 3408 3412 3413
f 3408 3413 3409
f 3410 3414 3415
f 3410 3415 3411
f 3416 3412 3417
f 3416 3417 3418
f 3416 3418 3419
f 3416 3419 3413
f 3416 3413 3412
f 3420 3414 3421
f 3420 3421 3422
f 3420 3422 3423
f 3420 3423 3415
f 3420 3415 3414
f 3418 3424 3425
f 3418 3425 3419
f 3421 3426 3427
f 3421 3427 3422
f 3424 3428 3429
f 3424 3429 3425
f 3426 3430 3431
f 3426 3431 3427
f 3428 3432 3433
f 3428 3433 3429
f 3430 3434 3435
f 3430 3435 3431
f 3432 3436 3437
f 3432 3437 3433
f 3434 3438 3439
f 3434 3439 3435
f 3436 3440 3441
f 3436 3441 3437
f 3438 3442 3443
f 3438 3443 3439
f 3440 3444 3445
f 3440 3445 3441
f 3442 3445 3446
f 3442 3446 3443
f 3447 3445 3444
f 3447 3444 3448
f 3447 3448 3449
f 3447 3449 3450
f 3447 3450 3451
f 3447 3451 3452
f 3447 3452 3453
f 3447 3453 3454
f 3447 3454 3455
f 3447 3455 3456
f 3447 3456 3457
f 3447 3457 3458
f 3447 3458 3459
f 3447 3459 3460
f 3447 3460 3461
f 3447 3461 3462
f 3447 3462 3463
f 3447 3463 3464
f 3447 3464 3465
f 3447 3465 3466
f 3447 3466 3467
f 3447 3467 3468
f 3447 3468 3469
f 3447 3469 3470
f 3447 3470 3471
f 3447 3471 3472
f 3447 3472 3473
f 3447 3473 3474
f 3447 3474 3475
f 3447 3475 3476
f 3447 3476 3477
f 3447 3477 3478
f 3447 3478 3479
f 3447 3479 3480
f 3447 3480 3481
f 3447 3481 3482
f 3447 3482 3483
f 3447 3483 3484
f 3447 3484 3485
f 3447 3485 3486
f 3447 3486 3487
f 3447 3487 3488
f 3447 3488 3489
f 3447 3489 3490
f 3447 3490 3446
f 3447 3446 3445
f 3491 3492 3451
f 3491 3451 3450
f 3493 3491 3450
f 3493 3450 3449
f 3494 3493 3449
f 3494 3449 3448
f 3495 3494 3448
f 3495 3448 3417
f 3496 3495 3417
f 3496 3417 3393
f 3497 3496 3393
f 3497 3393 3377
f 3498 3497 3377
f 3498 3377 3365
f 3499 3498 3365
f 3499 3365 3349
f 3500 3499 3349
f 3500 3349 3337
f 3501 3500 3337
f 3501 3337 3325
f 3502 3501 3325
f 3502 3325 3313
f 3503 3502 3313
f 3503 3313 3245
f 3504 3503 3245
f 3504 3245 3113
f 3505 274 273
f 3505 273 3504
f 3505 3504 3113
f 3505 3113 277
f 3505 277 274
f 3492 1151 1150
f 3492 1150 3451
f 278 277 2930
f 278 2930 1812
f 1812 2930 2798
f 1812 2798 1680
f 1680 2798 2726
f 1680 2726 1604
f 1604 2726 2714
f 1604 2714 1592
f 1592 2714 2702
f 1592 2702 1580
f 1580 2702 2690
f 1580 2690 1568
f 1568 2690 2674
f 1568 2674 1552
f 1552 2674 2662
f 1552 2662 1540
f 1524 2646 2600
f 1524 2600 1476
f 1476 2600 2502
f 1476 2502 1380
f 1380 2502 2462
f 1380 2462 1340
f 1340 2462 2422
f 1340 2422 1300
f 1300 2422 2378
f 1300 2378 1256
f 1256 2378 2300
f 1256 2300 1176
f 1176 2300 2299
f 1176 2299 1177
f 1177 2299 2298
f 1177 2298 1178
f 1178 2298 2297
f 1178 2297 1179
f 1179 2297 2296
f 1179 2296 1180
f 1180 2296 2295
f 1180 2295 1181
f 1181 2295 2294
f 1181 2294 1182
f 1182 2294 2293
f 1182 2293 1183
f 1183 2293 2292
f 1183 2292 1184
f 1184 2292 2291
f 1184 2291 1185
f 1186 2290 2289
f 1186 2289 1187
f 1187 2289 2288
f 1187 2288 1188
f 1188 2288 2287
f 1188 2287 1189
f 1189 2287 2286
f 1189 2286 1190
f 1190 2286 2285
f 1190 2285 1191
f 1191 2285 2284
f 1191 2284 1192
f 1192 2284 2283
f 1192 2283 1155
f 1155 2283 2320
f 1155 2320 1156
f 1157 2319 2318
f 1157 2318 1158
f 1158 2318 2317
f 1158 2317 1159
f 1159 2317 2316
f 1159 2316 1160
f 1160 2316 2315
f 1160 2315 1161
f 1161 2315 2314
f 1161 2314 1162
f 1162 2314 2313
f 1162 2313 1163
f 1163 2313 2312
f 1163 2312 1164
f 1165 2311 2310
f 1165 2310 1166
f 1166 2310 2309
f 1166 2309 1167
f 1167 2309 2308
f 1167 2308 1168
f 1168 2308 2307
f 1168 2307 1169
f 1169 2307 2306
f 1169 2306 1170
f 1170 2306 2305
f 1170 2305 1171
f 1171 2305 2304
f 1171 2304 1172
f 1172 2304 2384
f 1172 2384 1250
f 1294 2428 2468
f 1294 2468 1334
f 1334 2468 2508
f 1334 2508 1374
f 1466 2598 2652
f 1466 2652 1518
f 1534 2668 2680
f 1534 2680 1546
f 1586 2720 2732
f 1586 2732 1598
f 1598 2732 2808
f 1598 2808 1670
f 1802 2940 3023
f 1802 3023 1889
f 1889 3023 3123
f 1889 3123 1976
f 2091 3255 3319
f 2091 3319 2148
f 2148 3319 3331
f 2148 3331 2156
f 2156 3331 3343
f 2156 3343 2164
f 2164 3343 3355
f 2164 3355 2172
f 2172 3355 3371
f 2172 3371 2183
f 2183 3371 3383
f 2183 3383 2191
f 2191 3383 3399
f 2191 3399 2202
f 2202 3399 3423
f 2202 3423 2219
f 2219 3423 3490
f 2219 3490 2241
f 2241 3490 3489
f 2241 3489 2242
f 2242 3489 3488
f 2242 3488 2243
f 2243 3488 3487
f 2243 3487 2244
f 2244 3487 3486
f 2244 3486 2247
f 2247 3486 3485
f 2247 3485 2248
f 2248 3485 3484
f 2248 3484 2249
f 2249 3484 3483
f 2249 3483 2250
f 2250 3483 3482
f 2250 3482 2251
f 2251 3482 3481
f 2251 3481 2252
f 2252 3481 3480
f 2252 3480 2253
f 2253 3480 3479
f 2253 3479 2254
f 2254 3479 3478
f 2254 3478 2255
f 2255 3478 3477
f 2255 3477 2256
f 2256 3477 3476
f 2256 3476 2257
f 2257 3476 3475
f 2257 3475 2258
f 2258 3475 3474
f 2258 3474 2259
f 2259 3474 3473
f 2259 3473 2260
f 2260 3473 3472
f 2260 3472 2261
f 2261 3472 3471
f 2261 3471 2262
f 2262 3471 3470
f 2262 3470 2263
f 2263 3470 3469
f 2263 3469 2264
f 2264 3469 3468
f 2264 3468 2265
f 2265 3468 3467
f 2265 3467 2266
f 2266 3467 3466
f 2266 3466 2267
f 2267 3466 3465
f 2267 3465 2268
f 2268 3465 3464
f 2268 3464 2269
f 2269 3464 3463
f 2269 3463 2270
f 2270 3463 3462
f 2270 3462 2271
f 2271 3462 3461
f 2271 3461 2272
f 2272 3461 3460
f 2272 3460 2273
f 2273 3460 3459
f 2273 3459 2274
f 2274 3459 3458
f 2274 3458 2275
f 2278 3455 3454
f 2278 3454 2279
f 1150 1149 2281
f 1150 2281 3452
f 1447 2574 2594
f 1447 2594 1469
f 1431 2558 2574
f 1431 2574 1447
f 1423 2550 2558
f 1423 2558 1431
f 1411 2538 2550
f 1411 2550 1423
f 1403 2530 2538
f 1403 2538 1411
f 1399 2526 2530
f 1399 2530 1403
f 1395 2523 2526
f 1395 2526 1399
f 1402 2531 2527
f 1402 2527 1398
f 1410 2539 2531
f 1410 2531 1402
f 1422 2551 2539
f 1422 2539 1410
f 1430 2559 2551
f 1430 2551 1422
f 1446 2575 2559
f 1446 2559 1430
f 1468 2596 2575
f 1468 2575 1446
f 1501 2631 2596
f 1501 2596 1468
f 1506 2635 2631
f 1506 2631 1501
f 1510 2639 2635
f 1510 2635 1506
f 1520 2650 2643
f 1520 2643 1514
f 1526 2655 2650
f 1526 2650 1520
f 1530 2659 2655
f 1530 2655 1526
f 1536 2666 2659
f 1536 2659 1530
f 1542 2671 2666
f 1542 2666 1536
f 1548 2678 2671
f 1548 2671 1542
f 1554 2683 2678
f 1554 2678 1548
f 1558 2687 2683
f 1558 2683 1554
f 1564 2694 2687
f 1564 2687 1558
f 1570 2699 2694
f 1570 2694 1564
f 1576 2706 2699
f 1576 2699 1570
f 1582 2711 2706
f 1582 2706 1576
f 1588 2718 2711
f 1588 2711 1582
f 1594 2723 2718
f 1594 2718 1588
f 1606 2735 2730
f 1606 2730 1600
f 1666 2795 2735
f 1666 2735 1606
f 1746 2875 2795
f 1746 2795 1666
f 1798 2927 2875
f 1798 2875 1746
f 1854 2983 2927
f 1854 2927 1798
f 1892 3020 2983
f 1892 2983 1854
f 1926 3058 3020
f 1926 3020 1892
f 1972 3110 3058
f 1972 3058 1926
f 2020 3166 3110
f 2020 3110 1972
f 2150 3317 3310
f 2150 3310 2145
f 2153 3322 3317
f 2153 3317 2150
f 2158 3329 3322
f 2158 3322 2153
f 2161 3334 3329
f 2161 3329 2158
f 2166 3341 3334
f 2166 3334 2161
f 2169 3346 3341
f 2169 3341 2166
f 2177 3358 3353
f 2177 3353 2174
f 2180 3362 3358
f 2180 3358 2177
f 2185 3369 3362
f 2185 3362 2180
f 2188 3374 3369
f 2188 3369 2185
f 2193 3381 3374
f 2193 3374 2188
f 2199 3390 3386
f 2199 3386 2196
f 2204 3397 3390
f 2204 3390 2199
f 2207 3402 3397
f 2207 3397 2204
f 2210 3406 3402
f 2210 3402 2207
f 2213 3410 3406
f 2213 3406 2210
f 2221 3421 3414
f 2221 3414 2216
f 2224 3426 3421
f 2224 3421 2221
f 2227 3430 3426
f 2227 3426 2224
f 2230 3434 3430
f 2230 3430 2227
f 2236 3442 3438
f 2236 3438 2233
f 2239 3445 3442
f 2239 3442 2236
f 2234 3437 3441
f 2234 3441 2237
f 2231 3433 3437
f 2231 3437 2234
f 2225 3425 3429
f 2225 3429 2228
f 2222 3419 3425
f 2222 3425 2225
f 2217 3413 3419
f 2217 3419 2222
f 1855 2982 3019
f 1855 3019 1893
f 1799 2926 2982
f 1799 2982 1855
f 1747 2874 2926
f 1747 2926 1799
f 1667 2794 2874
f 1667 2874 1747
f 1607 2734 2794
f 1607 2794 1667
f 1602 2728 2734
f 1602 2734 1607
f 1595 2722 2728
f 1595 2728 1602
f 1590 2716 2722
f 1590 2722 1595
f 1583 2710 2716
f 1583 2716 1590
f 1578 2704 2710
f 1578 2710 1583
f 1571 2698 2704
f 1571 2704 1578
f 1566 2692 2698
f 1566 2698 1571
f 1559 2686 2692
f 1559 2692 1566
f 1550 2676 2682
f 1550 2682 1555
f 1543 2670 2676
f 1543 2676 1550
f 1538 2664 2670
f 1538 2670 1543
f 1531 2658 2664
f 1531 2664 1538
f 1527 2654 2658
f 1527 2658 1531
f 1522 2648 2654
f 1522 2654 1527
f 1511 2638 2642
f 1511 2642 1515
f 1507 2634 2638
f 1507 2638 1511
f 1503 2630 2634
f 1503 2634 1507
f 1469 2594 2630
f 1469 2630 1503
f 2214 3409 3413
f 2214 3413 2217
f 2211 3405 3409
f 2211 3409 2214
f 2208 3401 3405
f 2208 3405 2211
f 2205 3395 3401
f 2205 3401 2208
f 2200 3389 3395
f 2200 3395 2205
f 2197 3385 3389
f 2197 3389 2200
f 2194 3379 3385
f 2194 3385 2197
f 2189 3373 3379
f 2189 3379 2194
f 2186 3367 3373
f 2186 3373 2189
f 2181 3361 3367
f 2181 3367 2186
f 2178 3357 3361
f 2178 3361 2181
f 2175 3351 3357
f 2175 3357 2178
f 2170 3345 3351
f 2170 3351 2175
f 2167 3339 3345
f 2167 3345 2170
f 2162 3333 3339
f 2162 3339 2167
f 2159 3327 3333
f 2159 3333 2162
f 2154 3321 3327
f 2154 3327 2159
f 2151 3315 3321
f 2151 3321 2154
f 2146 3309 3315
f 2146 3315 2151
f 2143 3304 3309
f 2143 3309 2146
f 2088 3241 3304
f 2088 3304 2143
f 2021 3165 3241
f 2021 3241 2088
f 1973 3109 3165
f 1973 3165 2021
f 1927 3057 3109
f 1927 3109 1973
f 1893 3019 3057
f 1893 3057 1927
f 1887 3010 3017
f 1887 3017 1895
f 1879 3002 3010
f 1879 3010 1887
f 1871 2994 3002
f 1871 3002 1879
f 1863 2986 2994
f 1863 2994 1871
f 1851 2974 2986
f 1851 2986 1863
f 1843 2966 2974
f 1843 2974 1851
f 1835 2958 2966
f 1835 2966 1843
f 1827 2950 2958
f 1827 2958 1835
f 1819 2942 2950
f 1819 2950 1827
f 1810 2932 2942
f 1810 2942 1819
f 1795 2918 2932
f 1795 2932 1810
f 1787 2910 2918
f 1787 2918 1795
f 1779 2902 2910
f 1779 2910 1787
f 1771 2894 2902
f 1771 2902 1779
f 1763 2886 2894
f 1763 2894 1771
f 1755 2878 2886
f 1755 2886 1763
f 1743 2866 2878
f 1743 2878 1755
f 1735 2858 2866
f 1735 2866 1743
f 1727 2850 2858
f 1727 2858 1735
f 1719 2842 2850
f 1719 2850 1727
f 1711 2834 2842
f 1711 2842 1719
f 1703 2826 2834
f 1703 2834 1711
f 1695 2818 2826
f 1695 2826 1703
f 1687 2810 2818
f 1687 2818 1695
f 1678 2800 2810
f 1678 2810 1687
f 1663 2786 2800
f 1663 2800 1678
f 1655 2778 2786
f 1655 2786 1663
f 1647 2770 2778
f 1647 2778 1655
f 1639 2762 2770
f 1639 2770 1647
f 1631 2754 2762
f 1631 2762 1639
f 1623 2746 2754
f 1623 2754 1631
f 1615 2739 2746
f 1615 2746 1623
f 1622 2747 2739
f 1622 2739 1615
f 1630 2755 2747
f 1630 2747 1622
f 1638 2763 2755
f 1638 2755 1630
f 1646 2771 2763
f 1646 2763 1638
f 1654 2779 2771
f 1654 2771 1646
f 1662 2787 2779
f 1662 2779 1654
f 1676 2801 2787
f 1676 2787 1662
f 1686 2811 2801
f 1686 2801 1676
f 1694 2819 2811
f 1694 2811 1686
f 1702 2827 2819
f 1702 2819 1694
f 1710 2835 2827
f 1710 2827 1702
f 1718 2843 2835
f 1718 2835 1710
f 1726 2851 2843
f 1726 2843 1718
f 1734 2859 2851
f 1734 2851 1726
f 1742 2867 2859
f 1742 2859 1734
f 1754 2879 2867
f 1754 2867 1742
f 1762 2887 2879
f 1762 2879 1754
f 1770 2895 2887
f 1770 2887 1762
f 1778 2903 2895
f 1778 2895 1770
f 1786 2911 2903
f 1786 2903 1778
f 1794 2919 2911
f 1794 2911 1786
f 1808 2933 2919
f 1808 2919 1794
f 1818 2943 2933
f 1818 2933 1808
f 1826 2951 2943
f 1826 2943 1818
f 1834 2959 2951
f 1834 2951 1826
f 1842 2967 2959
f 1842 2959 1834
f 1850 2975 2967
f 1850 2967 1842
f 1862 2987 2975
f 1862 2975 1850
f 1870 2995 2987
f 1870 2987 1862
f 1878 3003 2995
f 1878 2995 1870
f 1886 3011 3003
f 1886 3003 1878
f 1894 3018 3011
f 1894 3011 1886
f 1901 3026 3018
f 1901 3018 1894
f 1909 3034 3026
f 1909 3026 1901
f 1916 3042 3034
f 1916 3034 1909
f 1923 3050 3042
f 1923 3042 1916
f 1934 3062 3050
f 1934 3050 1923
f 1941 3070 3062
f 1941 3062 1934
f 1948 3078 3070
f 1948 3070 1941
f 1955 3086 3078
f 1955 3078 1948
f 1962 3094 3086
f 1962 3086 1955
f 1969 3102 3094
f 1969 3094 1962
f 1982 3116 3102
f 1982 3102 1969
f 1989 3126 3116
f 1989 3116 1982
f 1996 3134 3126
f 1996 3126 1989
f 2003 3142 3134
f 2003 3134 1996
f 2010 3150 3142
f 2010 3142 2003
f 2017 3158 3150
f 2017 3150 2010
f 2028 3170 3158
f 2028 3158 2017
f 2035 3178 3170
f 2035 3170 2028
f 2042 3186 3178
f 2042 3178 2035
f 2049 3194 3186
f 2049 3186 2042
f 2056 3202 3194
f 2056 3194 2049
f 2063 3210 3202
f 2063 3202 2056
f 3210 2063 2070
f 3210 2070 3218
f 270 846 3504
f 270 3504 273
f 846 845 3503
f 846 3503 3504
f 845 844 3502
f 845 3502 3503
f 844 843 3501
f 844 3501 3502
f 3506 843 842
f 3506 842 848
f 3506 848 847
f 3506 847 849
f 3506 849 850
f 3506 850 851
f 3506 851 852
f 3506 852 853
f 3506 853 854
f 3506 854 855
f 3506 855 856
f 3506 856 857
f 3506 857 858
f 3506 858 859
f 3506 859 862
f 3506 862 3500
f 3506 3500 3501
f 3506 3501 843
f 3507 862 861
f 3507 861 863
f 3507 863 864
f 3507 864 865
f 3507 865 866
f 3507 866 867
f 3507 867 868
f 3507 868 869
f 3507 869 870
f 3507 870 871
f 3507 871 872
f 3507 872 873
f 3507 873 874
f 3507 874 875
f 3507 875 876
f 3507 876 877
f 3507 877 878
f 3507 878 879
f 3507 879 880
f 3507 880 881
f 3507 881 884
f 3507 884 3499
f 3507 3499 3500
f 3507 3500 862
f 3508 884 883
f 3508 883 885
f 3508 885 886
f 3508 886 887
f 3508 887 888
f 3508 888 889
f 3508 889 890
f 3508 890 891
f 3508 891 892
f 3508 892 893
f 3508 893 894
f 3508 894 895
f 3508 895 896
f 3508 896 897
f 3508 897 898
f 3508 898 899
f 3508 899 900
f 3508 900 901
f 3508 901 902
f 3508 902 903
f 3508 903 904
f 3508 904 905
f 3508 905 906
f 3508 906 907
f 3508 907 910
f 3508 910 3498
f 3508 3498 3499
f 3508 3499 884
f 3509 910 909
f 3509 909 911
f 3509 911 912
f 3509 912 840
f 3509 840 802
f 3509 802 801
f 3509 801 913
f 3509 913 922
f 3509 922 3497
f 3509 3497 3498
f 3509 3498 910
f 922 921 3496
f 922 3496 3497
f 921 920 3495
f 921 3495 3496
f 920 919 3494
f 920 3494 3495
f 919 918 3493
f 919 3493 3494
f 918 917 3491
f 918 3491 3493
f 917 916 3492
f 917 3492 3491
f 3510 916 915
f 3510 915 1145
f 3510 1145 1151
f 3510 1151 3492
f 3510 3492 916
f 1883 3014 3021
f 1883 3021 1891
f 1875 3006 3014
f 1875 3014 1883
f 1867 2998 3006
f 1867 3006 1875
f 1859 2990 2998
f 1859 2998 1867
f 1847 2978 2990
f 1847 2990 1859
f 1839 2970 2978
f 1839 2978 1847
f 1831 2962 2970
f 1831 2970 1839
f 1823 2954 2962
f 1823 2962 1831
f 1815 2946 2954
f 1815 2954 1823
f 1805 2936 2946
f 1805 2946 1815
f 1791 2922 2936
f 1791 2936 1805
f 1783 2914 2922
f 1783 2922 1791
f 1775 2906 2914
f 1775 2914 1783
f 1767 2898 2906
f 1767 2906 1775
f 1759 2890 2898
f 1759 2898 1767
f 1751 2882 2890
f 1751 2890 1759
f 1739 2870 2882
f 1739 2882 1751
f 1731 2862 2870
f 1731 2870 1739
f 1723 2854 2862
f 1723 2862 1731
f 1715 2846 2854
f 1715 2854 1723
f 1707 2838 2846
f 1707 2846 1715
f 1699 2830 2838
f 1699 2838 1707
f 1691 2822 2830
f 1691 2830 1699
f 1683 2814 2822
f 1683 2822 1691
f 1673 2804 2814
f 1673 2814 1683
f 1659 2790 2804
f 1659 2804 1673
f 1651 2782 2790
f 1651 2790 1659
f 1643 2774 2782
f 1643 2782 1651
f 1635 2766 2774
f 1635 2774 1643
f 1627 2758 2766
f 1627 2766 1635
f 1619 2750 2758
f 1619 2758 1627
f 1611 2743 2750
f 1611 2750 1619
f 1618 2751 2743
f 1618 2743 1611
f 1626 2759 2751
f 1626 2751 1618
f 1634 2767 2759
f 1634 2759 1626
f 1642 2775 2767
f 1642 2767 1634
f 1650 2783 2775
f 1650 2775 1642
f 1658 2791 2783
f 1658 2783 1650
f 1672 2806 2791
f 1672 2791 1658
f 1682 2815 2806
f 1682 2806 1672
f 1690 2823 2815
f 1690 2815 1682
f 1698 2831 2823
f 1698 2823 1690
f 1706 2839 2831
f 1706 2831 1698
f 1714 2847 2839
f 1714 2839 1706
f 1722 2855 2847
f 1722 2847 1714
f 1730 2863 2855
f 1730 2855 1722
f 1738 2871 2863
f 1738 2863 1730
f 1750 2883 2871
f 1750 2871 1738
f 1758 2891 2883
f 1758 2883 1750
f 1766 2899 2891
f 1766 2891 1758
f 1774 2907 2899
f 1774 2899 1766
f 1782 2915 2907
f 1782 2907 1774
f 1790 2923 2915
f 1790 2915 1782
f 1804 2938 2923
f 1804 2923 1790
f 1814 2947 2938
f 1814 2938 1804
f 1822 2955 2947
f 1822 2947 1814
f 1830 2963 2955
f 1830 2955 1822
f 1838 2971 2963
f 1838 2963 1830
f 1846 2979 2971
f 1846 2971 1838
f 1858 2991 2979
f 1858 2979 1846
f 1866 2999 2991
f 1866 2991 1858
f 1874 3007 2999
f 1874 2999 1866
f 1882 3015 3007
f 1882 3007 1874
f 1890 3022 3015
f 1890 3015 1882
f 1897 3030 3022
f 1897 3022 1890
f 1905 3038 3030
f 1905 3030 1897
f 1912 3046 3038
f 1912 3038 1905
f 1919 3054 3046
f 1919 3046 1912
f 1930 3066 3054
f 1930 3054 1919
f 1937 3074 3066
f 1937 3066 1930
f 1944 3082 3074
f 1944 3074 1937
f 1951 3090 3082
f 1951 3082 1944
f 1958 3098 3090
f 1958 3090 1951
f 1965 3106 3098
f 1965 3098 1958
f 1978 3121 3106
f 1978 3106 1965
f 1985 3130 3121
f 1985 3121 1978
f 1992 3138 3130
f 1992 3130 1985
f 1999 3146 3138
f 1999 3138 1992
f 2006 3154 3146
f 2006 3146 1999
f 2013 3162 3154
f 2013 3154 2006
f 2024 3174 3162
f 2024 3162 2013
f 2031 3182 3174
f 2031 3174 2024
f 2038 3190 3182
f 2038 3182 2031
f 2045 3198 3190
f 2045 3190 2038
f 2052 3206 3198
f 2052 3198 2045
f 2059 3214 3206
f 2059 3206 2052
f 2066 3222 3214
f 2066 3214 2059
f 2073 3230 3222
f 2073 3222 2066
f 2080 3238 3230
f 2080 3230 2073
f 2093 3253 3238
f 2093 3238 2080
f 2100 3262 3253
f 2100 3253 2093
f 2107 3270 3262
f 2107 3262 2100
f 2114 3278 3270
f 2114 3270 2107
f 2121 3286 3278
f 2121 3278 2114
f 2128 3294 3286
f 2128 3286 2121
f 2135 3300 3294
f 2135 3294 2128
f 2129 3293 3300
f 2129 3300 2135
f 2122 3285 3293
f 2122 3293 2129
f 2115 3277 3285
f 2115 3285 2122
f 2108 3269 3277
f 2108 3277 2115
f 2101 3261 3269
f 2101 3269 2108
f 2094 3251 3261
f 2094 3261 2101
f 2081 3237 3251
f 2081 3251 2094
f 2074 3229 3237
f 2074 3237 2081
f 2067 3221 3229
f 2067 3229 2074
f 2060 3213 3221
f 2060 3221 2067
f 2053 3205 3213
f 2053 3213 2060
f 2046 3197 3205
f 2046 3205 2053
f 2039 3189 3197
f 2039 3197 2046
f 2032 3181 3189
f 2032 3189 2039
f 2025 3173 3181
f 2025 3181 2032
f 2014 3161 3173
f 2014 3173 2025
f 2007 3153 3161
f 2007 3161 2014
f 2000 3145 3153
f 2000 3153 2007
f 1993 3137 3145
f 1993 3145 2000
f 1986 3129 3137
f 1986 3137 1993
f 1979 3119 3129
f 1979 3129 1986
f 1966 3105 3119
f 1966 3119 1979
f 1959 3097 3105
f 1959 3105 1966
f 1952 3089 3097
f 1952 3097 1959
f 1945 3081 3089
f 1945 3089 1952
f 1938 3073 3081
f 1938 3081 1945
f 1931 3065 3073
f 1931 3073 1938
f 1920 3053 3065
f 1920 3065 1931
f 1913 3045 3053
f 1913 3053 1920
f 1906 3037 3045
f 1906 3045 1913
f 1898 3029 3037
f 1898 3037 1906
f 1891 3021 3029
f 1891 3029 1898
f 1323 2450 2454
f 1323 2454 1327
f 1319 2446 2450
f 1319 2450 1323
f 1315 2442 2446
f 1315 2446 1319
f 1311 2438 2442
f 1311 2442 1315
f 1307 2434 2438
f 1307 2438 1311
f 1303 2430 2434
f 1303 2434 1307
f 1298 2424 2430
f 1298 2430 1303
f 1291 2418 2424
f 1291 2424 1298
f 1287 2414 2418
f 1287 2418 1291
f 1283 2410 2414
f 1283 2414 1287
f 1279 2406 2410
f 1279 2410 1283
f 1275 2402 2406
f 1275 2406 1279
f 1271 2398 2402
f 1271 2402 1275
f 1267 2394 2398
f 1267 2398 1271
f 1263 2390 2394
f 1263 2394 1267
f 1259 2386 2390
f 1259 2390 1263
f 1254 2380 2386
f 1254 2386 1259
f 1247 2374 2380
f 1247 2380 1254
f 1243 2370 2374
f 1243 2374 1247
f 1239 2366 2370
f 1239 2370 1243
f 1235 2362 2366
f 1235 2366 1239
f 1231 2358 2362
f 1231 2362 1235
f 1227 2354 2358
f 1227 2358 1231
f 1223 2350 2354
f 1223 2354 1227
f 1219 2346 2350
f 1219 2350 1223
f 1215 2342 2346
f 1215 2346 1219
f 1211 2338 2342
f 1211 2342 1215
f 1207 2334 2338
f 1207 2338 1211
f 1203 2330 2334
f 1203 2334 1207
f 1199 2326 2330
f 1199 2330 1203
f 1195 2322 2326
f 1195 2326 1199
f 1174 2302 2322
f 1174 2322 1195
f 1194 2323 2302
f 1194 2302 1174
f 1198 2327 2323
f 1198 2323 1194
f 1202 2331 2327
f 1202 2327 1198
f 1206 2335 2331
f 1206 2331 1202
f 1210 2339 2335
f 1210 2335 1206
f 1214 2343 2339
f 1214 2339 1210
f 1218 2347 2343
f 1218 2343 1214
f 1222 2351 2347
f 1222 2347 1218
f 1226 2355 2351
f 1226 2351 1222
f 1230 2359 2355
f 1230 2355 1226
f 1234 2363 2359
f 1234 2359 1230
f 1238 2367 2363
f 1238 2363 1234
f 1242 2371 2367
f 1242 2367 1238
f 1246 2375 2371
f 1246 2371 1242
f 1252 2382 2375
f 1252 2375 1246
f 1258 2387 2382
f 1258 2382 1252
f 1262 2391 2387
f 1262 2387 1258
f 1266 2395 2391
f 1266 2391 1262
f 1270 2399 2395
f 1270 2395 1266
f 1274 2403 2399
f 1274 2399 1270
f 1278 2407 2403
f 1278 2403 1274
f 1282 2411 2407
f 1282 2407 1278
f 1286 2415 2411
f 1286 2411 1282
f 1290 2419 2415
f 1290 2415 1286
f 1296 2426 2419
f 1296 2419 1290
f 1302 2431 2426
f 1302 2426 1296
f 1306 2435 2431
f 1306 2431 1302
f 1310 2439 2435
f 1310 2435 1306
f 1314 2443 2439
f 1314 2439 1310
f 1318 2447 2443
f 1318 2443 1314
f 1322 2451 2447
f 1322 2447 1318
f 1326 2455 2451
f 1326 2451 1322
f 1330 2459 2455
f 1330 2455 1326
f 1336 2466 2459
f 1336 2459 1330
f 1342 2471 2466
f 1342 2466 1336
f 1346 2475 2471
f 1346 2471 1342
f 1350 2479 2475
f 1350 2475 1346
f 1354 2483 2479
f 1354 2479 1350
f 1358 2487 2483
f 1358 2483 1354
f 1362 2491 2487
f 1362 2487 1358
f 1366 2495 2491
f 1366 2491 1362
f 1370 2499 2495
f 1370 2495 1366
f 1376 2506 2499
f 1376 2499 1370
f 1382 2511 2506
f 1382 2506 1376
f 1386 2515 2511
f 1386 2511 1382
f 1390 2519 2515
f 1390 2515 1386
f 1406 2535 2519
f 1406 2519 1390
f 1414 2543 2535
f 1414 2535 1406
f 1418 2547 2543
f 1418 2543 1414
f 1426 2555 2547
f 1426 2547 1418
f 1434 2563 2555
f 1434 2555 1426
f 1438 2567 2563
f 1438 2563 1434
f 1442 2571 2567
f 1442 2567 1438
f 1450 2579 2571
f 1450 2571 1442
f 1454 2583 2579
f 1454 2579 1450
f 1458 2587 2583
f 1458 2583 1454
f 1462 2591 2587
f 1462 2587 1458
f 1472 2603 2591
f 1472 2591 1462
f 1478 2607 2603
f 1478 2603 1472
f 1482 2611 2607
f 1482 2607 1478
f 1486 2615 2611
f 1486 2611 1482
f 1490 2619 2615
f 1490 2615 1486
f 1494 2623 2619
f 1494 2619 1490
f 1498 2626 2623
f 1498 2623 1494
f 1495 2622 2626
f 1495 2626 1498
f 1491 2618 2622
f 1491 2622 1495
f 1487 2614 2618
f 1487 2618 1491
f 1483 2610 2614
f 1483 2614 1487
f 1479 2606 2610
f 1479 2610 1483
f 1474 2602 2606
f 1474 2606 1479
f 1463 2590 2602
f 1463 2602 1474
f 1459 2586 2590
f 1459 2590 1463
f 1455 2582 2586
f 1455 2586 1459
f 1451 2578 2582
f 1451 2582 1455
f 1443 2570 2578
f 1443 2578 1451
f 1439 2566 2570
f 1439 2570 1443
f 1435 2562 2566
f 1435 2566 1439
f 1427 2554 2562
f 1427 2562 1435
f 1419 2546 2554
f 1419 2554 1427
f 1415 2542 2546
f 1415 2546 1419
f 1407 2534 2542
f 1407 2542 1415
f 1391 2518 2534
f 1391 2534 1407
f 1387 2514 2518
f 1387 2518 1391
f 1383 2510 2514
f 1383 2514 1387
f 1378 2504 2510
f 1378 2510 1383
f 1371 2498 2504
f 1371 2504 1378
f 1367 2494 2498
f 1367 2498 1371
f 1363 2490 2494
f 1363 2494 1367
f 1359 2486 2490
f 1359 2490 1363
f 1355 2482 2486
f 1355 2486 1359
f 1351 2478 2482
f 1351 2482 1355
f 1347 2474 2478
f 1347 2478 1351
f 1343 2470 2474
f 1343 2474 1347
f 1338 2464 2470
f 1338 2470 1343
f 1331 2458 2464
f 1331 2464 1338
f 1327 2454 2458
f 1327 2458 1331
f 2646 1524 1540
f 2646 1540 2662
f 2290 1186 1185
f 2290 1185 2291
f 2319 1157 1156
f 2319 1156 2320
f 2311 1165 1164
f 2311 1164 2312
f 2428 1294 1250
f 2428 1250 2384
f 2598 1466 1374
f 2598 1374 2508
f 2668 1534 1518
f 2668 1518 2652
f 2696 1562 1546
f 2696 1546 2680
f 2708 1574 1562
f 2708 1562 2696
f 2720 1586 1574
f 2720 1574 2708
f 2940 1802 1670
f 2940 1670 2808
f 3255 2091 1976
f 3255 1976 3123
f 3457 2276 2275
f 3457 2275 3458
f 3456 2277 2276
f 3456 2276 3457
f 3455 2278 2277
f 3455 2277 3456
f 3453 2280 2279
f 3453 2279 3454
f 3452 2281 2280
f 3452 2280 3453
f 2523 1395 1398
f 2523 1398 2527
f 2639 1510 1514
f 2639 1514 2643
f 2723 1594 1600
f 2723 1600 2730
f 3166 2020 2087
f 3166 2087 3242
f 3242 2087 2141
f 3242 2141 3306
f 3306 2141 2145
f 3306 2145 3310
f 3346 2169 2174
f 3346 2174 3353
f 3381 2193 2196
f 3381 2196 3386
f 3410 2213 2216
f 3410 2216 3414
f 3434 2230 2233
f 3434 2233 3438
f 3445 2239 2237
f 3445 2237 3441
f 3433 2231 2228
f 3433 2228 3429
f 2686 1559 1555
f 2686 1555 2682
f 2648 1522 1515
f 2648 1515 2642
f 2077 3226 3218
f 2077 3218 2070
f 2084 3234 3226
f 2084 3226 2077
f 2097 3248 3234
f 2097 3234 2084
f 2104 3258 3248
f 2104 3248 2097
f 2111 3266 3258
f 2111 3258 2104
f 2118 3274 3266
f 2118 3266 2111
f 2125 3282 3274
f 2125 3274 2118
f 2132 3290 3282
f 2132 3282 2125
f 2138 3297 3290
f 2138 3290 2132
f 2133 3289 3297
f 2133 3297 2138
f 2126 3281 3289
f 2126 3289 2133
f 2119 3273 3281
f 2119 3281 2126
f 2112 3265 3273
f 2112 3273 2119
f 2105 3257 3265
f 2105 3265 2112
f 2098 3247 3257
f 2098 3257 2105
f 2085 3233 3247
f 2085 3247 2098
f 2078 3225 3233
f 2078 3233 2085
f 2071 3217 3225
f 2071 3225 2078
f 2064 3209 3217
f 2064 3217 2071
f 2057 3201 3209
f 2057 3209 2064
f 2050 3193 3201
f 2050 3201 2057
f 2043 3185 3193
f 2043 3193 2050
f 2036 3177 3185
f 2036 3185 2043
f 2029 3169 3177
f 2029 3177 2036
f 2018 3157 3169
f 2018 3169 2029
f 2011 3149 3157
f 2011 3157 2018
f 2004 3141 3149
f 2004 3149 2011
f 1997 3133 3141
f 1997 3141 2004
f 1990 3125 3133
f 1990 3133 1997
f 1983 3115 3125
f 1983 3125 1990
f 1970 3101 3115
f 1970 3115 1983
f 1963 3093 3101
f 1963 3101 1970
f 1956 3085 3093
f 1956 3093 1963
f 1949 3077 3085
f 1949 3085 1956
f 1942 3069 3077
f 1942 3077 1949
f 1935 3061 3069
f 1935 3069 1942
f 1924 3049 3061
f 1924 3061 1935
f 1917 3041 3049
f 1917 3049 1924
f 1910 3033 3041
f 1910 3041 1917
f 1903 3025 3033
f 1903 3033 1910
f 1895 3017 3025
f 1895 3025 1903

